,prefix,difficulty,is_factorizable,context,equation,measured_switching,processed_switching,index,switch_index
0,To factor the quadratic equation 7x^2 - 119x + 420,35,Yes,"To factor the quadratic equation 7x^2 - 119x + 420 = 0, we first divide all coefficients by the GCF, which is 7:

x^2 - 17x + 60 = 0

Now, we can factor the quadratic:

(x - 12)(x - 5) = 0

Therefore, the roots of the quadratic equation 7x^2 - 119x + 420 = 0 are x = 12 and x = 5.","7x^2 - 119x + 420 = 0
","[0, 0, 0, 0, 0, 0]","[[0, 0, 0, 0, 0, 0]]",0,1
1,"To factor the quadratic equation 7x^2 - 119x + 420 = 0, we first divide all coefficients by the GCF,",35,Yes,"To factor the quadratic equation 7x^2 - 119x + 420 = 0, we first divide all coefficients by the GCF, which is 7:

x^2 - 17x + 60 = 0

Now, we can factor the quadratic:

(x - 12)(x - 5) = 0

Therefore, the roots of the quadratic equation 7x^2 - 119x + 420 = 0 are x = 12 and x = 5.","7x^2 - 119x + 420 = 0
","[0, 0, 0, 0, 0, 0]","[[0, 0, 0, 0, 0, 0]]",1,1
2,"To factor the quadratic equation 7x^2 - 119x + 420 = 0, we first divide all coefficients by the GCF, which is 7:

x^2 - 17x + 60 = 0

Now, we can fact",35,Yes,"To factor the quadratic equation 7x^2 - 119x + 420 = 0, we first divide all coefficients by the GCF, which is 7:

x^2 - 17x + 60 = 0

Now, we can factor the quadratic:

(x - 12)(x - 5) = 0

Therefore, the roots of the quadratic equation 7x^2 - 119x + 420 = 0 are x = 12 and x = 5.","7x^2 - 119x + 420 = 0
","[0, 0, 0, 0, 0, 0]","[[0, 0, 0, 0, 0, 0]]",2,1
3,"To factor the quadratic equation 7x^2 - 119x + 420 = 0, we first divide all coefficients by the GCF, which is 7:

x^2 - 17x + 60 = 0

Now, we can factor the quadratic:

(x - 12)(x - 5) = 0

Therefore,",35,Yes,"To factor the quadratic equation 7x^2 - 119x + 420 = 0, we first divide all coefficients by the GCF, which is 7:

x^2 - 17x + 60 = 0

Now, we can factor the quadratic:

(x - 12)(x - 5) = 0

Therefore, the roots of the quadratic equation 7x^2 - 119x + 420 = 0 are x = 12 and x = 5.","7x^2 - 119x + 420 = 0
","[0, 0, 0, 0, 0, 0]","[[0, 0, 0, 0, 0, 0]]",3,1
4,"To factor the quadratic equation 7x^2 - 119x + 420 = 0, we first divide all coefficients by the GCF, which is 7:

x^2 - 17x + 60 = 0

Now, we can factor the quadratic:

(x - 12)(x - 5) = 0

Therefore, the roots of the quadratic equation 7x^2 - 119x +",35,Yes,"To factor the quadratic equation 7x^2 - 119x + 420 = 0, we first divide all coefficients by the GCF, which is 7:

x^2 - 17x + 60 = 0

Now, we can factor the quadratic:

(x - 12)(x - 5) = 0

Therefore, the roots of the quadratic equation 7x^2 - 119x + 420 = 0 are x = 12 and x = 5.","7x^2 - 119x + 420 = 0
","[0, 0, 0, 0, 0, 0]","[[0, 0, 0, 0, 0, 0]]",4,1
5,"To factor the quadratic equation 7x^2 - 119x + 420 = 0, we first divide all coefficients by the GCF, which is 7:

x^2 - 17x + 60 = 0

Now, we can factor the quadratic:

(x - 12)(x - 5) = 0

Therefore, the roots of the quadratic equation 7x^2 - 119x + 420 = 0 are x = 12 and x = 5.",35,Yes,"To factor the quadratic equation 7x^2 - 119x + 420 = 0, we first divide all coefficients by the GCF, which is 7:

x^2 - 17x + 60 = 0

Now, we can factor the quadratic:

(x - 12)(x - 5) = 0

Therefore, the roots of the quadratic equation 7x^2 - 119x + 420 = 0 are x = 12 and x = 5.","7x^2 - 119x + 420 = 0
","[0, 0, 0, 0, 0, 0]","[[0, 0, 0, 0, 0, 0]]",5,1
6,"First, let's try to factor the quadratic equation ",30,Yes,"First, let's try to factor the quadratic equation 18x^2 - 792x + 8550 = 0:

Factor out the common factor of 18 from all terms:
18(x^2 - 44x + 475) = 0

Now, let's try to factor the quadratic inside the parentheses:
The factors of 475 that add up to -44 are -5 and -95:
18(x - 5)(x - 95) = 0

So, the roots of the equation are x = 5 and x = 95.","18x^2 - 792x + 8550 = 0
","[0, 0, 0, 0, 0, 0, 0, 0]","[[0, 0, 0, 0, 0, 0, 0, 0]]",0,1
7,"First, let's try to factor the quadratic equation 18x^2 - 792x + 8550 = 0:

Factor out the common fa",30,Yes,"First, let's try to factor the quadratic equation 18x^2 - 792x + 8550 = 0:

Factor out the common factor of 18 from all terms:
18(x^2 - 44x + 475) = 0

Now, let's try to factor the quadratic inside the parentheses:
The factors of 475 that add up to -44 are -5 and -95:
18(x - 5)(x - 95) = 0

So, the roots of the equation are x = 5 and x = 95.","18x^2 - 792x + 8550 = 0
","[0, 0, 0, 0, 0, 0, 0, 0]","[[0, 0, 0, 0, 0, 0, 0, 0]]",1,1
8,"First, let's try to factor the quadratic equation 18x^2 - 792x + 8550 = 0:

Factor out the common factor of 18 from all terms:
18(x^2 - 44x + 475) = 0",30,Yes,"First, let's try to factor the quadratic equation 18x^2 - 792x + 8550 = 0:

Factor out the common factor of 18 from all terms:
18(x^2 - 44x + 475) = 0

Now, let's try to factor the quadratic inside the parentheses:
The factors of 475 that add up to -44 are -5 and -95:
18(x - 5)(x - 95) = 0

So, the roots of the equation are x = 5 and x = 95.","18x^2 - 792x + 8550 = 0
","[0, 0, 0, 0, 0, 0, 0, 0]","[[0, 0, 0, 0, 0, 0, 0, 0]]",2,1
9,"First, let's try to factor the quadratic equation 18x^2 - 792x + 8550 = 0:

Factor out the common factor of 18 from all terms:
18(x^2 - 44x + 475) = 0

Now, let's try to factor the quadratic inside th",30,Yes,"First, let's try to factor the quadratic equation 18x^2 - 792x + 8550 = 0:

Factor out the common factor of 18 from all terms:
18(x^2 - 44x + 475) = 0

Now, let's try to factor the quadratic inside the parentheses:
The factors of 475 that add up to -44 are -5 and -95:
18(x - 5)(x - 95) = 0

So, the roots of the equation are x = 5 and x = 95.","18x^2 - 792x + 8550 = 0
","[0, 0, 0, 0, 0, 0, 0, 0]","[[0, 0, 0, 0, 0, 0, 0, 0]]",3,1
10,"First, let's try to factor the quadratic equation 18x^2 - 792x + 8550 = 0:

Factor out the common factor of 18 from all terms:
18(x^2 - 44x + 475) = 0

Now, let's try to factor the quadratic inside the parentheses:
The factors of 475 that add up to -",30,Yes,"First, let's try to factor the quadratic equation 18x^2 - 792x + 8550 = 0:

Factor out the common factor of 18 from all terms:
18(x^2 - 44x + 475) = 0

Now, let's try to factor the quadratic inside the parentheses:
The factors of 475 that add up to -44 are -5 and -95:
18(x - 5)(x - 95) = 0

So, the roots of the equation are x = 5 and x = 95.","18x^2 - 792x + 8550 = 0
","[0, 0, 0, 0, 0, 0, 0, 0]","[[0, 0, 0, 0, 0, 0, 0, 0]]",4,1
11,"First, let's try to factor the quadratic equation 18x^2 - 792x + 8550 = 0:

Factor out the common factor of 18 from all terms:
18(x^2 - 44x + 475) = 0

Now, let's try to factor the quadratic inside the parentheses:
The factors of 475 that add up to -44 are -5 and -95:
18(x - 5)(x - 95) = 0

So, the ",30,Yes,"First, let's try to factor the quadratic equation 18x^2 - 792x + 8550 = 0:

Factor out the common factor of 18 from all terms:
18(x^2 - 44x + 475) = 0

Now, let's try to factor the quadratic inside the parentheses:
The factors of 475 that add up to -44 are -5 and -95:
18(x - 5)(x - 95) = 0

So, the roots of the equation are x = 5 and x = 95.","18x^2 - 792x + 8550 = 0
","[0, 0, 0, 0, 0, 0, 0, 0]","[[0, 0, 0, 0, 0, 0, 0, 0]]",5,1
12,"First, let's try to factor the quadratic equation 18x^2 - 792x + 8550 = 0:

Factor out the common factor of 18 from all terms:
18(x^2 - 44x + 475) = 0

Now, let's try to factor the quadratic inside the parentheses:
The factors of 475 that add up to -44 are -5 and -95:
18(x - 5)(x - 95) = 0

So, the roots of the equation are x = 5 and x = 95.",30,Yes,"First, let's try to factor the quadratic equation 18x^2 - 792x + 8550 = 0:

Factor out the common factor of 18 from all terms:
18(x^2 - 44x + 475) = 0

Now, let's try to factor the quadratic inside the parentheses:
The factors of 475 that add up to -44 are -5 and -95:
18(x - 5)(x - 95) = 0

So, the roots of the equation are x = 5 and x = 95.","18x^2 - 792x + 8550 = 0
","[0, 0, 0, 0, 0, 0, 0, 0]","[[0, 0, 0, 0, 0, 0, 0, 0]]",6,1
13,"First, let's try to factor the quadratic equation 18x^2 - 792x + 8550 = 0:

Factor out the common factor of 18 from all terms:
18(x^2 - 44x + 475) = 0

Now, let's try to factor the quadratic inside the parentheses:
The factors of 475 that add up to -44 are -5 and -95:
18(x - 5)(x - 95) = 0

So, the roots of the equation are x = 5 and x = 95.",30,Yes,"First, let's try to factor the quadratic equation 18x^2 - 792x + 8550 = 0:

Factor out the common factor of 18 from all terms:
18(x^2 - 44x + 475) = 0

Now, let's try to factor the quadratic inside the parentheses:
The factors of 475 that add up to -44 are -5 and -95:
18(x - 5)(x - 95) = 0

So, the roots of the equation are x = 5 and x = 95.","18x^2 - 792x + 8550 = 0
","[0, 0, 0, 0, 0, 0, 0, 0]","[[0, 0, 0, 0, 0, 0, 0, 0]]",7,1
14,To find the roots of the quadratic equation 16x^2 ,35,No,"To find the roots of the quadratic equation 16x^2 - 768x + 9207 = 0, let's try to factorize the equation:

16x^2 - 768x + 9207 = 0
16x^2 - 204x - 564x + 9207 = 0
16x(x - 13) - 564(x - 13) = 0
(16x - 564)(x - 13) = 0

Now, setting each factor to zero:

16x - 564 = 0
16x = 564
x = 564/16
x = 35.25

x - 13 = 0
x = 13

Therefore, the roots of the quadratic equation 16x^2 - 768x + 9207 = 0 are x = 35.25 and x = 13.","16x^2 - 768x + 9207 = 0
","[0, 0, 0, 0, 0, 0, 0, 0, 0]","[[0, 0, 0, 0, 0, 0, 0, 0, 0]]",0,1
15,"To find the roots of the quadratic equation 16x^2 - 768x + 9207 = 0, let's try to factorize the equa",35,No,"To find the roots of the quadratic equation 16x^2 - 768x + 9207 = 0, let's try to factorize the equation:

16x^2 - 768x + 9207 = 0
16x^2 - 204x - 564x + 9207 = 0
16x(x - 13) - 564(x - 13) = 0
(16x - 564)(x - 13) = 0

Now, setting each factor to zero:

16x - 564 = 0
16x = 564
x = 564/16
x = 35.25

x - 13 = 0
x = 13

Therefore, the roots of the quadratic equation 16x^2 - 768x + 9207 = 0 are x = 35.25 and x = 13.","16x^2 - 768x + 9207 = 0
","[0, 0, 0, 0, 0, 0, 0, 0, 0]","[[0, 0, 0, 0, 0, 0, 0, 0, 0]]",1,1
16,"To find the roots of the quadratic equation 16x^2 - 768x + 9207 = 0, let's try to factorize the equation:

16x^2 - 768x + 9207 = 0
16x^2 - 204x - 564x",35,No,"To find the roots of the quadratic equation 16x^2 - 768x + 9207 = 0, let's try to factorize the equation:

16x^2 - 768x + 9207 = 0
16x^2 - 204x - 564x + 9207 = 0
16x(x - 13) - 564(x - 13) = 0
(16x - 564)(x - 13) = 0

Now, setting each factor to zero:

16x - 564 = 0
16x = 564
x = 564/16
x = 35.25

x - 13 = 0
x = 13

Therefore, the roots of the quadratic equation 16x^2 - 768x + 9207 = 0 are x = 35.25 and x = 13.","16x^2 - 768x + 9207 = 0
","[0, 0, 0, 0, 0, 0, 0, 0, 0]","[[0, 0, 0, 0, 0, 0, 0, 0, 0]]",2,1
17,"To find the roots of the quadratic equation 16x^2 - 768x + 9207 = 0, let's try to factorize the equation:

16x^2 - 768x + 9207 = 0
16x^2 - 204x - 564x + 9207 = 0
16x(x - 13) - 564(x - 13) = 0
(16x - 5",35,No,"To find the roots of the quadratic equation 16x^2 - 768x + 9207 = 0, let's try to factorize the equation:

16x^2 - 768x + 9207 = 0
16x^2 - 204x - 564x + 9207 = 0
16x(x - 13) - 564(x - 13) = 0
(16x - 564)(x - 13) = 0

Now, setting each factor to zero:

16x - 564 = 0
16x = 564
x = 564/16
x = 35.25

x - 13 = 0
x = 13

Therefore, the roots of the quadratic equation 16x^2 - 768x + 9207 = 0 are x = 35.25 and x = 13.","16x^2 - 768x + 9207 = 0
","[0, 0, 0, 0, 0, 0, 0, 0, 0]","[[0, 0, 0, 0, 0, 0, 0, 0, 0]]",3,1
18,"To find the roots of the quadratic equation 16x^2 - 768x + 9207 = 0, let's try to factorize the equation:

16x^2 - 768x + 9207 = 0
16x^2 - 204x - 564x + 9207 = 0
16x(x - 13) - 564(x - 13) = 0
(16x - 564)(x - 13) = 0

Now, setting each factor to zero:",35,No,"To find the roots of the quadratic equation 16x^2 - 768x + 9207 = 0, let's try to factorize the equation:

16x^2 - 768x + 9207 = 0
16x^2 - 204x - 564x + 9207 = 0
16x(x - 13) - 564(x - 13) = 0
(16x - 564)(x - 13) = 0

Now, setting each factor to zero:

16x - 564 = 0
16x = 564
x = 564/16
x = 35.25

x - 13 = 0
x = 13

Therefore, the roots of the quadratic equation 16x^2 - 768x + 9207 = 0 are x = 35.25 and x = 13.","16x^2 - 768x + 9207 = 0
","[0, 0, 0, 0, 0, 0, 0, 0, 0]","[[0, 0, 0, 0, 0, 0, 0, 0, 0]]",4,1
19,"To find the roots of the quadratic equation 16x^2 - 768x + 9207 = 0, let's try to factorize the equation:

16x^2 - 768x + 9207 = 0
16x^2 - 204x - 564x + 9207 = 0
16x(x - 13) - 564(x - 13) = 0
(16x - 564)(x - 13) = 0

Now, setting each factor to zero:

16x - 564 = 0
16x = 564
x = 564/16
x = 35.25

x ",35,No,"To find the roots of the quadratic equation 16x^2 - 768x + 9207 = 0, let's try to factorize the equation:

16x^2 - 768x + 9207 = 0
16x^2 - 204x - 564x + 9207 = 0
16x(x - 13) - 564(x - 13) = 0
(16x - 564)(x - 13) = 0

Now, setting each factor to zero:

16x - 564 = 0
16x = 564
x = 564/16
x = 35.25

x - 13 = 0
x = 13

Therefore, the roots of the quadratic equation 16x^2 - 768x + 9207 = 0 are x = 35.25 and x = 13.","16x^2 - 768x + 9207 = 0
","[0, 0, 0, 0, 0, 0, 0, 0, 0]","[[0, 0, 0, 0, 0, 0, 0, 0, 0]]",5,1
20,"To find the roots of the quadratic equation 16x^2 - 768x + 9207 = 0, let's try to factorize the equation:

16x^2 - 768x + 9207 = 0
16x^2 - 204x - 564x + 9207 = 0
16x(x - 13) - 564(x - 13) = 0
(16x - 564)(x - 13) = 0

Now, setting each factor to zero:

16x - 564 = 0
16x = 564
x = 564/16
x = 35.25

x - 13 = 0
x = 13

Therefore, the roots of the quadr",35,No,"To find the roots of the quadratic equation 16x^2 - 768x + 9207 = 0, let's try to factorize the equation:

16x^2 - 768x + 9207 = 0
16x^2 - 204x - 564x + 9207 = 0
16x(x - 13) - 564(x - 13) = 0
(16x - 564)(x - 13) = 0

Now, setting each factor to zero:

16x - 564 = 0
16x = 564
x = 564/16
x = 35.25

x - 13 = 0
x = 13

Therefore, the roots of the quadratic equation 16x^2 - 768x + 9207 = 0 are x = 35.25 and x = 13.","16x^2 - 768x + 9207 = 0
","[0, 0, 0, 0, 0, 0, 0, 0, 0]","[[0, 0, 0, 0, 0, 0, 0, 0, 0]]",6,1
21,"To find the roots of the quadratic equation 16x^2 - 768x + 9207 = 0, let's try to factorize the equation:

16x^2 - 768x + 9207 = 0
16x^2 - 204x - 564x + 9207 = 0
16x(x - 13) - 564(x - 13) = 0
(16x - 564)(x - 13) = 0

Now, setting each factor to zero:

16x - 564 = 0
16x = 564
x = 564/16
x = 35.25

x - 13 = 0
x = 13

Therefore, the roots of the quadratic equation 16x^2 - 768x + 9207 = 0 are x = 35.2",35,No,"To find the roots of the quadratic equation 16x^2 - 768x + 9207 = 0, let's try to factorize the equation:

16x^2 - 768x + 9207 = 0
16x^2 - 204x - 564x + 9207 = 0
16x(x - 13) - 564(x - 13) = 0
(16x - 564)(x - 13) = 0

Now, setting each factor to zero:

16x - 564 = 0
16x = 564
x = 564/16
x = 35.25

x - 13 = 0
x = 13

Therefore, the roots of the quadratic equation 16x^2 - 768x + 9207 = 0 are x = 35.25 and x = 13.","16x^2 - 768x + 9207 = 0
","[0, 0, 0, 0, 0, 0, 0, 0, 0]","[[0, 0, 0, 0, 0, 0, 0, 0, 0]]",7,1
22,"To find the roots of the quadratic equation 16x^2 - 768x + 9207 = 0, let's try to factorize the equation:

16x^2 - 768x + 9207 = 0
16x^2 - 204x - 564x + 9207 = 0
16x(x - 13) - 564(x - 13) = 0
(16x - 564)(x - 13) = 0

Now, setting each factor to zero:

16x - 564 = 0
16x = 564
x = 564/16
x = 35.25

x - 13 = 0
x = 13

Therefore, the roots of the quadratic equation 16x^2 - 768x + 9207 = 0 are x = 35.25 and x = 13.",35,No,"To find the roots of the quadratic equation 16x^2 - 768x + 9207 = 0, let's try to factorize the equation:

16x^2 - 768x + 9207 = 0
16x^2 - 204x - 564x + 9207 = 0
16x(x - 13) - 564(x - 13) = 0
(16x - 564)(x - 13) = 0

Now, setting each factor to zero:

16x - 564 = 0
16x = 564
x = 564/16
x = 35.25

x - 13 = 0
x = 13

Therefore, the roots of the quadratic equation 16x^2 - 768x + 9207 = 0 are x = 35.25 and x = 13.","16x^2 - 768x + 9207 = 0
","[0, 0, 0, 0, 0, 0, 0, 0, 0]","[[0, 0, 0, 0, 0, 0, 0, 0, 0]]",8,1
23,"To factor the equation 9x^2 - 648x + 11371 = 0, we",45,No,"To factor the equation 9x^2 - 648x + 11371 = 0, we first need to find two numbers that multiply to 9 * 11371 = 102539 and add up to -648.

After trying different pairs of factors, we see that the factors are -467 and -219:

9x^2 - 9x - 219x + 11371 = 0
9x(x -1) -219(x-1) = 0
(9x-219)(x-1) = 0

Setting each factor to zero gives us:

9x - 219 = 0
9x = 219
x = 219/9
x = 24.33

x - 1 = 0
x = 1

Therefore, the roots of the quadratic equation 9x^2 - 648x + 11371 = 0 are x = 24.33 and x = 1.","9x^2 - 648x + 11371 = 0
","[0, 0, 0, 0, 0, 0, 0, 0, 0, 0, 0]","[[0, 0, 0, 0, 0, 0, 0, 0, 0, 0, 0]]",0,1
24,"To factor the equation 9x^2 - 648x + 11371 = 0, we first need to find two numbers that multiply to 9",45,No,"To factor the equation 9x^2 - 648x + 11371 = 0, we first need to find two numbers that multiply to 9 * 11371 = 102539 and add up to -648.

After trying different pairs of factors, we see that the factors are -467 and -219:

9x^2 - 9x - 219x + 11371 = 0
9x(x -1) -219(x-1) = 0
(9x-219)(x-1) = 0

Setting each factor to zero gives us:

9x - 219 = 0
9x = 219
x = 219/9
x = 24.33

x - 1 = 0
x = 1

Therefore, the roots of the quadratic equation 9x^2 - 648x + 11371 = 0 are x = 24.33 and x = 1.","9x^2 - 648x + 11371 = 0
","[0, 0, 0, 0, 0, 0, 0, 0, 0, 0, 0]","[[0, 0, 0, 0, 0, 0, 0, 0, 0, 0, 0]]",1,1
25,"To factor the equation 9x^2 - 648x + 11371 = 0, we first need to find two numbers that multiply to 9 * 11371 = 102539 and add up to -648.

After tryin",45,No,"To factor the equation 9x^2 - 648x + 11371 = 0, we first need to find two numbers that multiply to 9 * 11371 = 102539 and add up to -648.

After trying different pairs of factors, we see that the factors are -467 and -219:

9x^2 - 9x - 219x + 11371 = 0
9x(x -1) -219(x-1) = 0
(9x-219)(x-1) = 0

Setting each factor to zero gives us:

9x - 219 = 0
9x = 219
x = 219/9
x = 24.33

x - 1 = 0
x = 1

Therefore, the roots of the quadratic equation 9x^2 - 648x + 11371 = 0 are x = 24.33 and x = 1.","9x^2 - 648x + 11371 = 0
","[0, 0, 0, 0, 0, 0, 0, 0, 0, 0, 0]","[[0, 0, 0, 0, 0, 0, 0, 0, 0, 0, 0]]",2,1
26,"To factor the equation 9x^2 - 648x + 11371 = 0, we first need to find two numbers that multiply to 9 * 11371 = 102539 and add up to -648.

After trying different pairs of factors, we see that the fact",45,No,"To factor the equation 9x^2 - 648x + 11371 = 0, we first need to find two numbers that multiply to 9 * 11371 = 102539 and add up to -648.

After trying different pairs of factors, we see that the factors are -467 and -219:

9x^2 - 9x - 219x + 11371 = 0
9x(x -1) -219(x-1) = 0
(9x-219)(x-1) = 0

Setting each factor to zero gives us:

9x - 219 = 0
9x = 219
x = 219/9
x = 24.33

x - 1 = 0
x = 1

Therefore, the roots of the quadratic equation 9x^2 - 648x + 11371 = 0 are x = 24.33 and x = 1.","9x^2 - 648x + 11371 = 0
","[0, 0, 0, 0, 0, 0, 0, 0, 0, 0, 0]","[[0, 0, 0, 0, 0, 0, 0, 0, 0, 0, 0]]",3,1
27,"To factor the equation 9x^2 - 648x + 11371 = 0, we first need to find two numbers that multiply to 9 * 11371 = 102539 and add up to -648.

After trying different pairs of factors, we see that the factors are -467 and -219:

9x^2 - 9x - 219x + 11371 =",45,No,"To factor the equation 9x^2 - 648x + 11371 = 0, we first need to find two numbers that multiply to 9 * 11371 = 102539 and add up to -648.

After trying different pairs of factors, we see that the factors are -467 and -219:

9x^2 - 9x - 219x + 11371 = 0
9x(x -1) -219(x-1) = 0
(9x-219)(x-1) = 0

Setting each factor to zero gives us:

9x - 219 = 0
9x = 219
x = 219/9
x = 24.33

x - 1 = 0
x = 1

Therefore, the roots of the quadratic equation 9x^2 - 648x + 11371 = 0 are x = 24.33 and x = 1.","9x^2 - 648x + 11371 = 0
","[0, 0, 0, 0, 0, 0, 0, 0, 0, 0, 0]","[[0, 0, 0, 0, 0, 0, 0, 0, 0, 0, 0]]",4,1
28,"To factor the equation 9x^2 - 648x + 11371 = 0, we first need to find two numbers that multiply to 9 * 11371 = 102539 and add up to -648.

After trying different pairs of factors, we see that the factors are -467 and -219:

9x^2 - 9x - 219x + 11371 = 0
9x(x -1) -219(x-1) = 0
(9x-219)(x-1) = 0

Setti",45,No,"To factor the equation 9x^2 - 648x + 11371 = 0, we first need to find two numbers that multiply to 9 * 11371 = 102539 and add up to -648.

After trying different pairs of factors, we see that the factors are -467 and -219:

9x^2 - 9x - 219x + 11371 = 0
9x(x -1) -219(x-1) = 0
(9x-219)(x-1) = 0

Setting each factor to zero gives us:

9x - 219 = 0
9x = 219
x = 219/9
x = 24.33

x - 1 = 0
x = 1

Therefore, the roots of the quadratic equation 9x^2 - 648x + 11371 = 0 are x = 24.33 and x = 1.","9x^2 - 648x + 11371 = 0
","[0, 0, 0, 0, 0, 0, 0, 0, 0, 0, 0]","[[0, 0, 0, 0, 0, 0, 0, 0, 0, 0, 0]]",5,1
29,"To factor the equation 9x^2 - 648x + 11371 = 0, we first need to find two numbers that multiply to 9 * 11371 = 102539 and add up to -648.

After trying different pairs of factors, we see that the factors are -467 and -219:

9x^2 - 9x - 219x + 11371 = 0
9x(x -1) -219(x-1) = 0
(9x-219)(x-1) = 0

Setting each factor to zero gives us:

9x - 219 = 0
9x ",45,No,"To factor the equation 9x^2 - 648x + 11371 = 0, we first need to find two numbers that multiply to 9 * 11371 = 102539 and add up to -648.

After trying different pairs of factors, we see that the factors are -467 and -219:

9x^2 - 9x - 219x + 11371 = 0
9x(x -1) -219(x-1) = 0
(9x-219)(x-1) = 0

Setting each factor to zero gives us:

9x - 219 = 0
9x = 219
x = 219/9
x = 24.33

x - 1 = 0
x = 1

Therefore, the roots of the quadratic equation 9x^2 - 648x + 11371 = 0 are x = 24.33 and x = 1.","9x^2 - 648x + 11371 = 0
","[0, 0, 0, 0, 0, 0, 0, 0, 0, 0, 0]","[[0, 0, 0, 0, 0, 0, 0, 0, 0, 0, 0]]",6,1
30,"To factor the equation 9x^2 - 648x + 11371 = 0, we first need to find two numbers that multiply to 9 * 11371 = 102539 and add up to -648.

After trying different pairs of factors, we see that the factors are -467 and -219:

9x^2 - 9x - 219x + 11371 = 0
9x(x -1) -219(x-1) = 0
(9x-219)(x-1) = 0

Setting each factor to zero gives us:

9x - 219 = 0
9x = 219
x = 219/9
x = 24.33

x - 1 = 0
x = 1

Theref",45,No,"To factor the equation 9x^2 - 648x + 11371 = 0, we first need to find two numbers that multiply to 9 * 11371 = 102539 and add up to -648.

After trying different pairs of factors, we see that the factors are -467 and -219:

9x^2 - 9x - 219x + 11371 = 0
9x(x -1) -219(x-1) = 0
(9x-219)(x-1) = 0

Setting each factor to zero gives us:

9x - 219 = 0
9x = 219
x = 219/9
x = 24.33

x - 1 = 0
x = 1

Therefore, the roots of the quadratic equation 9x^2 - 648x + 11371 = 0 are x = 24.33 and x = 1.","9x^2 - 648x + 11371 = 0
","[0, 0, 0, 0, 0, 0, 0, 0, 0, 0, 0]","[[0, 0, 0, 0, 0, 0, 0, 0, 0, 0, 0]]",7,1
31,"To factor the equation 9x^2 - 648x + 11371 = 0, we first need to find two numbers that multiply to 9 * 11371 = 102539 and add up to -648.

After trying different pairs of factors, we see that the factors are -467 and -219:

9x^2 - 9x - 219x + 11371 = 0
9x(x -1) -219(x-1) = 0
(9x-219)(x-1) = 0

Setting each factor to zero gives us:

9x - 219 = 0
9x = 219
x = 219/9
x = 24.33

x - 1 = 0
x = 1

Therefore, the roots of the quadratic equation 9x^2 - 64",45,No,"To factor the equation 9x^2 - 648x + 11371 = 0, we first need to find two numbers that multiply to 9 * 11371 = 102539 and add up to -648.

After trying different pairs of factors, we see that the factors are -467 and -219:

9x^2 - 9x - 219x + 11371 = 0
9x(x -1) -219(x-1) = 0
(9x-219)(x-1) = 0

Setting each factor to zero gives us:

9x - 219 = 0
9x = 219
x = 219/9
x = 24.33

x - 1 = 0
x = 1

Therefore, the roots of the quadratic equation 9x^2 - 648x + 11371 = 0 are x = 24.33 and x = 1.","9x^2 - 648x + 11371 = 0
","[0, 0, 0, 0, 0, 0, 0, 0, 0, 0, 0]","[[0, 0, 0, 0, 0, 0, 0, 0, 0, 0, 0]]",8,1
32,"To factor the equation 9x^2 - 648x + 11371 = 0, we first need to find two numbers that multiply to 9 * 11371 = 102539 and add up to -648.

After trying different pairs of factors, we see that the factors are -467 and -219:

9x^2 - 9x - 219x + 11371 = 0
9x(x -1) -219(x-1) = 0
(9x-219)(x-1) = 0

Setting each factor to zero gives us:

9x - 219 = 0
9x = 219
x = 219/9
x = 24.33

x - 1 = 0
x = 1

Therefore, the roots of the quadratic equation 9x^2 - 648x + 11371 = 0 are x = 24.33 and x = 1.",45,No,"To factor the equation 9x^2 - 648x + 11371 = 0, we first need to find two numbers that multiply to 9 * 11371 = 102539 and add up to -648.

After trying different pairs of factors, we see that the factors are -467 and -219:

9x^2 - 9x - 219x + 11371 = 0
9x(x -1) -219(x-1) = 0
(9x-219)(x-1) = 0

Setting each factor to zero gives us:

9x - 219 = 0
9x = 219
x = 219/9
x = 24.33

x - 1 = 0
x = 1

Therefore, the roots of the quadratic equation 9x^2 - 648x + 11371 = 0 are x = 24.33 and x = 1.","9x^2 - 648x + 11371 = 0
","[0, 0, 0, 0, 0, 0, 0, 0, 0, 0, 0]","[[0, 0, 0, 0, 0, 0, 0, 0, 0, 0, 0]]",9,1
33,"To factor the equation 9x^2 - 648x + 11371 = 0, we first need to find two numbers that multiply to 9 * 11371 = 102539 and add up to -648.

After trying different pairs of factors, we see that the factors are -467 and -219:

9x^2 - 9x - 219x + 11371 = 0
9x(x -1) -219(x-1) = 0
(9x-219)(x-1) = 0

Setting each factor to zero gives us:

9x - 219 = 0
9x = 219
x = 219/9
x = 24.33

x - 1 = 0
x = 1

Therefore, the roots of the quadratic equation 9x^2 - 648x + 11371 = 0 are x = 24.33 and x = 1.",45,No,"To factor the equation 9x^2 - 648x + 11371 = 0, we first need to find two numbers that multiply to 9 * 11371 = 102539 and add up to -648.

After trying different pairs of factors, we see that the factors are -467 and -219:

9x^2 - 9x - 219x + 11371 = 0
9x(x -1) -219(x-1) = 0
(9x-219)(x-1) = 0

Setting each factor to zero gives us:

9x - 219 = 0
9x = 219
x = 219/9
x = 24.33

x - 1 = 0
x = 1

Therefore, the roots of the quadratic equation 9x^2 - 648x + 11371 = 0 are x = 24.33 and x = 1.","9x^2 - 648x + 11371 = 0
","[0, 0, 0, 0, 0, 0, 0, 0, 0, 0, 0]","[[0, 0, 0, 0, 0, 0, 0, 0, 0, 0, 0]]",10,1
34,To factor the quadratic equation 18x^2 - 90x + 90 ,20,No,"To factor the quadratic equation 18x^2 - 90x + 90 = 0, first divide each term by the GCF (greatest common factor), which is 18. This gives us:

x^2 - 5x + 5 = 0

Now, try to factor the simplified equation:

(x - 1)(x - 5) = 0

Setting each factor to zero gives us the roots:

x - 1 = 0
x = 1

and

x - 5 = 0
x = 5

Therefore, the roots of the quadratic equation 18x^2 - 90x + 90 = 0 are x = 1 and x = 5.","18x^2 - 90x + 90 = 0
","[0, 0, 0, 0, 0, 0, 0, 0, 0]","[[0, 0, 0, 0, 0, 0, 0, 0, 0]]",0,1
35,"To factor the quadratic equation 18x^2 - 90x + 90 = 0, first divide each term by the GCF (greatest c",20,No,"To factor the quadratic equation 18x^2 - 90x + 90 = 0, first divide each term by the GCF (greatest common factor), which is 18. This gives us:

x^2 - 5x + 5 = 0

Now, try to factor the simplified equation:

(x - 1)(x - 5) = 0

Setting each factor to zero gives us the roots:

x - 1 = 0
x = 1

and

x - 5 = 0
x = 5

Therefore, the roots of the quadratic equation 18x^2 - 90x + 90 = 0 are x = 1 and x = 5.","18x^2 - 90x + 90 = 0
","[0, 0, 0, 0, 0, 0, 0, 0, 0]","[[0, 0, 0, 0, 0, 0, 0, 0, 0]]",1,1
36,"To factor the quadratic equation 18x^2 - 90x + 90 = 0, first divide each term by the GCF (greatest common factor), which is 18. This gives us:

x^2 - ",20,No,"To factor the quadratic equation 18x^2 - 90x + 90 = 0, first divide each term by the GCF (greatest common factor), which is 18. This gives us:

x^2 - 5x + 5 = 0

Now, try to factor the simplified equation:

(x - 1)(x - 5) = 0

Setting each factor to zero gives us the roots:

x - 1 = 0
x = 1

and

x - 5 = 0
x = 5

Therefore, the roots of the quadratic equation 18x^2 - 90x + 90 = 0 are x = 1 and x = 5.","18x^2 - 90x + 90 = 0
","[0, 0, 0, 0, 0, 0, 0, 0, 0]","[[0, 0, 0, 0, 0, 0, 0, 0, 0]]",2,1
37,"To factor the quadratic equation 18x^2 - 90x + 90 = 0, first divide each term by the GCF (greatest common factor), which is 18. This gives us:

x^2 - 5x + 5 = 0

Now, try to factor the simplified equa",20,No,"To factor the quadratic equation 18x^2 - 90x + 90 = 0, first divide each term by the GCF (greatest common factor), which is 18. This gives us:

x^2 - 5x + 5 = 0

Now, try to factor the simplified equation:

(x - 1)(x - 5) = 0

Setting each factor to zero gives us the roots:

x - 1 = 0
x = 1

and

x - 5 = 0
x = 5

Therefore, the roots of the quadratic equation 18x^2 - 90x + 90 = 0 are x = 1 and x = 5.","18x^2 - 90x + 90 = 0
","[0, 0, 0, 0, 0, 0, 0, 0, 0]","[[0, 0, 0, 0, 0, 0, 0, 0, 0]]",3,1
38,"To factor the quadratic equation 18x^2 - 90x + 90 = 0, first divide each term by the GCF (greatest common factor), which is 18. This gives us:

x^2 - 5x + 5 = 0

Now, try to factor the simplified equation:

(x - 1)(x - 5) = 0

Setting each factor to ",20,No,"To factor the quadratic equation 18x^2 - 90x + 90 = 0, first divide each term by the GCF (greatest common factor), which is 18. This gives us:

x^2 - 5x + 5 = 0

Now, try to factor the simplified equation:

(x - 1)(x - 5) = 0

Setting each factor to zero gives us the roots:

x - 1 = 0
x = 1

and

x - 5 = 0
x = 5

Therefore, the roots of the quadratic equation 18x^2 - 90x + 90 = 0 are x = 1 and x = 5.","18x^2 - 90x + 90 = 0
","[0, 0, 0, 0, 0, 0, 0, 0, 0]","[[0, 0, 0, 0, 0, 0, 0, 0, 0]]",4,1
39,"To factor the quadratic equation 18x^2 - 90x + 90 = 0, first divide each term by the GCF (greatest common factor), which is 18. This gives us:

x^2 - 5x + 5 = 0

Now, try to factor the simplified equation:

(x - 1)(x - 5) = 0

Setting each factor to zero gives us the roots:

x - 1 = 0
x = 1

and

x ",20,No,"To factor the quadratic equation 18x^2 - 90x + 90 = 0, first divide each term by the GCF (greatest common factor), which is 18. This gives us:

x^2 - 5x + 5 = 0

Now, try to factor the simplified equation:

(x - 1)(x - 5) = 0

Setting each factor to zero gives us the roots:

x - 1 = 0
x = 1

and

x - 5 = 0
x = 5

Therefore, the roots of the quadratic equation 18x^2 - 90x + 90 = 0 are x = 1 and x = 5.","18x^2 - 90x + 90 = 0
","[0, 0, 0, 0, 0, 0, 0, 0, 0]","[[0, 0, 0, 0, 0, 0, 0, 0, 0]]",5,1
40,"To factor the quadratic equation 18x^2 - 90x + 90 = 0, first divide each term by the GCF (greatest common factor), which is 18. This gives us:

x^2 - 5x + 5 = 0

Now, try to factor the simplified equation:

(x - 1)(x - 5) = 0

Setting each factor to zero gives us the roots:

x - 1 = 0
x = 1

and

x - 5 = 0
x = 5

Therefore, the roots of the quadrat",20,No,"To factor the quadratic equation 18x^2 - 90x + 90 = 0, first divide each term by the GCF (greatest common factor), which is 18. This gives us:

x^2 - 5x + 5 = 0

Now, try to factor the simplified equation:

(x - 1)(x - 5) = 0

Setting each factor to zero gives us the roots:

x - 1 = 0
x = 1

and

x - 5 = 0
x = 5

Therefore, the roots of the quadratic equation 18x^2 - 90x + 90 = 0 are x = 1 and x = 5.","18x^2 - 90x + 90 = 0
","[0, 0, 0, 0, 0, 0, 0, 0, 0]","[[0, 0, 0, 0, 0, 0, 0, 0, 0]]",6,1
41,"To factor the quadratic equation 18x^2 - 90x + 90 = 0, first divide each term by the GCF (greatest common factor), which is 18. This gives us:

x^2 - 5x + 5 = 0

Now, try to factor the simplified equation:

(x - 1)(x - 5) = 0

Setting each factor to zero gives us the roots:

x - 1 = 0
x = 1

and

x - 5 = 0
x = 5

Therefore, the roots of the quadratic equation 18x^2 - 90x + 90 = 0 are x = 1 and x =",20,No,"To factor the quadratic equation 18x^2 - 90x + 90 = 0, first divide each term by the GCF (greatest common factor), which is 18. This gives us:

x^2 - 5x + 5 = 0

Now, try to factor the simplified equation:

(x - 1)(x - 5) = 0

Setting each factor to zero gives us the roots:

x - 1 = 0
x = 1

and

x - 5 = 0
x = 5

Therefore, the roots of the quadratic equation 18x^2 - 90x + 90 = 0 are x = 1 and x = 5.","18x^2 - 90x + 90 = 0
","[0, 0, 0, 0, 0, 0, 0, 0, 0]","[[0, 0, 0, 0, 0, 0, 0, 0, 0]]",7,1
42,"To factor the quadratic equation 18x^2 - 90x + 90 = 0, first divide each term by the GCF (greatest common factor), which is 18. This gives us:

x^2 - 5x + 5 = 0

Now, try to factor the simplified equation:

(x - 1)(x - 5) = 0

Setting each factor to zero gives us the roots:

x - 1 = 0
x = 1

and

x - 5 = 0
x = 5

Therefore, the roots of the quadratic equation 18x^2 - 90x + 90 = 0 are x = 1 and x = 5.",20,No,"To factor the quadratic equation 18x^2 - 90x + 90 = 0, first divide each term by the GCF (greatest common factor), which is 18. This gives us:

x^2 - 5x + 5 = 0

Now, try to factor the simplified equation:

(x - 1)(x - 5) = 0

Setting each factor to zero gives us the roots:

x - 1 = 0
x = 1

and

x - 5 = 0
x = 5

Therefore, the roots of the quadratic equation 18x^2 - 90x + 90 = 0 are x = 1 and x = 5.","18x^2 - 90x + 90 = 0
","[0, 0, 0, 0, 0, 0, 0, 0, 0]","[[0, 0, 0, 0, 0, 0, 0, 0, 0]]",8,1
43,Let's try to factor the equation 5x^2 - 90x + 90 =,25,No,"Let's try to factor the equation 5x^2 - 90x + 90 = 0:

5x^2 - 90x + 90 = 0
5(x^2 - 18x + 18) = 0
5(x - 3)(x - 15) = 0

Now, set each factor to zero:

x - 3 = 0
x = 3

x - 15 = 0
x = 15

Therefore, the roots of the quadratic equation 5x^2 - 90x + 90 = 0 are x = 3 and x = 15.","5x^2 - 90x + 90 = 0
","[0, 0, 0, 0, 0, 0]","[[0, 0, 0, 0, 0, 0]]",0,1
44,"Let's try to factor the equation 5x^2 - 90x + 90 = 0:

5x^2 - 90x + 90 = 0
5(x^2 - 18x + 18) = 0
5(x",25,No,"Let's try to factor the equation 5x^2 - 90x + 90 = 0:

5x^2 - 90x + 90 = 0
5(x^2 - 18x + 18) = 0
5(x - 3)(x - 15) = 0

Now, set each factor to zero:

x - 3 = 0
x = 3

x - 15 = 0
x = 15

Therefore, the roots of the quadratic equation 5x^2 - 90x + 90 = 0 are x = 3 and x = 15.","5x^2 - 90x + 90 = 0
","[0, 0, 0, 0, 0, 0]","[[0, 0, 0, 0, 0, 0]]",1,1
45,"Let's try to factor the equation 5x^2 - 90x + 90 = 0:

5x^2 - 90x + 90 = 0
5(x^2 - 18x + 18) = 0
5(x - 3)(x - 15) = 0

Now, set each factor to zero:

",25,No,"Let's try to factor the equation 5x^2 - 90x + 90 = 0:

5x^2 - 90x + 90 = 0
5(x^2 - 18x + 18) = 0
5(x - 3)(x - 15) = 0

Now, set each factor to zero:

x - 3 = 0
x = 3

x - 15 = 0
x = 15

Therefore, the roots of the quadratic equation 5x^2 - 90x + 90 = 0 are x = 3 and x = 15.","5x^2 - 90x + 90 = 0
","[0, 0, 0, 0, 0, 0]","[[0, 0, 0, 0, 0, 0]]",2,1
46,"Let's try to factor the equation 5x^2 - 90x + 90 = 0:

5x^2 - 90x + 90 = 0
5(x^2 - 18x + 18) = 0
5(x - 3)(x - 15) = 0

Now, set each factor to zero:

x - 3 = 0
x = 3

x - 15 = 0
x = 15

Therefore, the",25,No,"Let's try to factor the equation 5x^2 - 90x + 90 = 0:

5x^2 - 90x + 90 = 0
5(x^2 - 18x + 18) = 0
5(x - 3)(x - 15) = 0

Now, set each factor to zero:

x - 3 = 0
x = 3

x - 15 = 0
x = 15

Therefore, the roots of the quadratic equation 5x^2 - 90x + 90 = 0 are x = 3 and x = 15.","5x^2 - 90x + 90 = 0
","[0, 0, 0, 0, 0, 0]","[[0, 0, 0, 0, 0, 0]]",3,1
47,"Let's try to factor the equation 5x^2 - 90x + 90 = 0:

5x^2 - 90x + 90 = 0
5(x^2 - 18x + 18) = 0
5(x - 3)(x - 15) = 0

Now, set each factor to zero:

x - 3 = 0
x = 3

x - 15 = 0
x = 15

Therefore, the roots of the quadratic equation 5x^2 - 90x + 90 =",25,No,"Let's try to factor the equation 5x^2 - 90x + 90 = 0:

5x^2 - 90x + 90 = 0
5(x^2 - 18x + 18) = 0
5(x - 3)(x - 15) = 0

Now, set each factor to zero:

x - 3 = 0
x = 3

x - 15 = 0
x = 15

Therefore, the roots of the quadratic equation 5x^2 - 90x + 90 = 0 are x = 3 and x = 15.","5x^2 - 90x + 90 = 0
","[0, 0, 0, 0, 0, 0]","[[0, 0, 0, 0, 0, 0]]",4,1
48,"Let's try to factor the equation 5x^2 - 90x + 90 = 0:

5x^2 - 90x + 90 = 0
5(x^2 - 18x + 18) = 0
5(x - 3)(x - 15) = 0

Now, set each factor to zero:

x - 3 = 0
x = 3

x - 15 = 0
x = 15

Therefore, the roots of the quadratic equation 5x^2 - 90x + 90 = 0 are x = 3 and x = 15.",25,No,"Let's try to factor the equation 5x^2 - 90x + 90 = 0:

5x^2 - 90x + 90 = 0
5(x^2 - 18x + 18) = 0
5(x - 3)(x - 15) = 0

Now, set each factor to zero:

x - 3 = 0
x = 3

x - 15 = 0
x = 15

Therefore, the roots of the quadratic equation 5x^2 - 90x + 90 = 0 are x = 3 and x = 15.","5x^2 - 90x + 90 = 0
","[0, 0, 0, 0, 0, 0]","[[0, 0, 0, 0, 0, 0]]",5,1
49,To factor the quadratic equation 25x^2 - 725x + 49,40,No,"To factor the quadratic equation 25x^2 - 725x + 4965 = 0, we can first divide each term by 25 to simplify the equation:

x^2 - 29x + 199 = 0

Now, let's try to factor the trinomial:

(x - 13)(x - 16) = 0

Therefore, the roots of the quadratic equation 25x^2 - 725x + 4965 = 0 are x = 13 and x = 16.","25x^2 - 725x + 4965 = 0
","[0, 0, 0, 0, 0, 0, 0]","[[0, 0, 0, 0, 0, 0, 0]]",0,1
50,"To factor the quadratic equation 25x^2 - 725x + 4965 = 0, we can first divide each term by 25 to sim",40,No,"To factor the quadratic equation 25x^2 - 725x + 4965 = 0, we can first divide each term by 25 to simplify the equation:

x^2 - 29x + 199 = 0

Now, let's try to factor the trinomial:

(x - 13)(x - 16) = 0

Therefore, the roots of the quadratic equation 25x^2 - 725x + 4965 = 0 are x = 13 and x = 16.","25x^2 - 725x + 4965 = 0
","[0, 0, 0, 0, 0, 0, 0]","[[0, 0, 0, 0, 0, 0, 0]]",1,1
51,"To factor the quadratic equation 25x^2 - 725x + 4965 = 0, we can first divide each term by 25 to simplify the equation:

x^2 - 29x + 199 = 0

Now, let",40,No,"To factor the quadratic equation 25x^2 - 725x + 4965 = 0, we can first divide each term by 25 to simplify the equation:

x^2 - 29x + 199 = 0

Now, let's try to factor the trinomial:

(x - 13)(x - 16) = 0

Therefore, the roots of the quadratic equation 25x^2 - 725x + 4965 = 0 are x = 13 and x = 16.","25x^2 - 725x + 4965 = 0
","[0, 0, 0, 0, 0, 0, 0]","[[0, 0, 0, 0, 0, 0, 0]]",2,1
52,"To factor the quadratic equation 25x^2 - 725x + 4965 = 0, we can first divide each term by 25 to simplify the equation:

x^2 - 29x + 199 = 0

Now, let's try to factor the trinomial:

(x - 13)(x - 16) ",40,No,"To factor the quadratic equation 25x^2 - 725x + 4965 = 0, we can first divide each term by 25 to simplify the equation:

x^2 - 29x + 199 = 0

Now, let's try to factor the trinomial:

(x - 13)(x - 16) = 0

Therefore, the roots of the quadratic equation 25x^2 - 725x + 4965 = 0 are x = 13 and x = 16.","25x^2 - 725x + 4965 = 0
","[0, 0, 0, 0, 0, 0, 0]","[[0, 0, 0, 0, 0, 0, 0]]",3,1
53,"To factor the quadratic equation 25x^2 - 725x + 4965 = 0, we can first divide each term by 25 to simplify the equation:

x^2 - 29x + 199 = 0

Now, let's try to factor the trinomial:

(x - 13)(x - 16) = 0

Therefore, the roots of the quadratic equatio",40,No,"To factor the quadratic equation 25x^2 - 725x + 4965 = 0, we can first divide each term by 25 to simplify the equation:

x^2 - 29x + 199 = 0

Now, let's try to factor the trinomial:

(x - 13)(x - 16) = 0

Therefore, the roots of the quadratic equation 25x^2 - 725x + 4965 = 0 are x = 13 and x = 16.","25x^2 - 725x + 4965 = 0
","[0, 0, 0, 0, 0, 0, 0]","[[0, 0, 0, 0, 0, 0, 0]]",4,1
54,"To factor the quadratic equation 25x^2 - 725x + 4965 = 0, we can first divide each term by 25 to simplify the equation:

x^2 - 29x + 199 = 0

Now, let's try to factor the trinomial:

(x - 13)(x - 16) = 0

Therefore, the roots of the quadratic equation 25x^2 - 725x + 4965 = 0 are x = 13 and x = 16.",40,No,"To factor the quadratic equation 25x^2 - 725x + 4965 = 0, we can first divide each term by 25 to simplify the equation:

x^2 - 29x + 199 = 0

Now, let's try to factor the trinomial:

(x - 13)(x - 16) = 0

Therefore, the roots of the quadratic equation 25x^2 - 725x + 4965 = 0 are x = 13 and x = 16.","25x^2 - 725x + 4965 = 0
","[0, 0, 0, 0, 0, 0, 0]","[[0, 0, 0, 0, 0, 0, 0]]",5,1
55,"To factor the quadratic equation 25x^2 - 725x + 4965 = 0, we can first divide each term by 25 to simplify the equation:

x^2 - 29x + 199 = 0

Now, let's try to factor the trinomial:

(x - 13)(x - 16) = 0

Therefore, the roots of the quadratic equation 25x^2 - 725x + 4965 = 0 are x = 13 and x = 16.",40,No,"To factor the quadratic equation 25x^2 - 725x + 4965 = 0, we can first divide each term by 25 to simplify the equation:

x^2 - 29x + 199 = 0

Now, let's try to factor the trinomial:

(x - 13)(x - 16) = 0

Therefore, the roots of the quadratic equation 25x^2 - 725x + 4965 = 0 are x = 13 and x = 16.","25x^2 - 725x + 4965 = 0
","[0, 0, 0, 0, 0, 0, 0]","[[0, 0, 0, 0, 0, 0, 0]]",6,1
56,To factor the quadratic equation 20x^2 - 1100x + 1,30,No,"To factor the quadratic equation 20x^2 - 1100x + 15096 = 0, we first divide all coefficients by 20 to simplify the equation:

x^2 - 55x + 754.8 = 0

Now, we need to find two numbers that multiply to 754.8 and add up to -55. The numbers are -38 and -17.

Therefore, we can factor the equation as:

(x - 38)(x - 17) = 0

Setting each factor to zero gives the roots:

x - 38 = 0
x = 38

and

x - 17 = 0
x = 17

So, the roots of the equation 20x^2 - 1100x + 15096 = 0 are x = 38 and x = 17.","20x^2 - 1100x + 15096 = 0
","[0, 0, 0, 0, 0, 0, 0, 0, 0, 0, 0]","[[0, 0, 0, 0, 0, 0, 0, 0, 0, 0, 0]]",0,1
57,"To factor the quadratic equation 20x^2 - 1100x + 15096 = 0, we first divide all coefficients by 20 t",30,No,"To factor the quadratic equation 20x^2 - 1100x + 15096 = 0, we first divide all coefficients by 20 to simplify the equation:

x^2 - 55x + 754.8 = 0

Now, we need to find two numbers that multiply to 754.8 and add up to -55. The numbers are -38 and -17.

Therefore, we can factor the equation as:

(x - 38)(x - 17) = 0

Setting each factor to zero gives the roots:

x - 38 = 0
x = 38

and

x - 17 = 0
x = 17

So, the roots of the equation 20x^2 - 1100x + 15096 = 0 are x = 38 and x = 17.","20x^2 - 1100x + 15096 = 0
","[0, 0, 0, 0, 0, 0, 0, 0, 0, 0, 0]","[[0, 0, 0, 0, 0, 0, 0, 0, 0, 0, 0]]",1,1
58,"To factor the quadratic equation 20x^2 - 1100x + 15096 = 0, we first divide all coefficients by 20 to simplify the equation:

x^2 - 55x + 754.8 = 0

N",30,No,"To factor the quadratic equation 20x^2 - 1100x + 15096 = 0, we first divide all coefficients by 20 to simplify the equation:

x^2 - 55x + 754.8 = 0

Now, we need to find two numbers that multiply to 754.8 and add up to -55. The numbers are -38 and -17.

Therefore, we can factor the equation as:

(x - 38)(x - 17) = 0

Setting each factor to zero gives the roots:

x - 38 = 0
x = 38

and

x - 17 = 0
x = 17

So, the roots of the equation 20x^2 - 1100x + 15096 = 0 are x = 38 and x = 17.","20x^2 - 1100x + 15096 = 0
","[0, 0, 0, 0, 0, 0, 0, 0, 0, 0, 0]","[[0, 0, 0, 0, 0, 0, 0, 0, 0, 0, 0]]",2,1
59,"To factor the quadratic equation 20x^2 - 1100x + 15096 = 0, we first divide all coefficients by 20 to simplify the equation:

x^2 - 55x + 754.8 = 0

Now, we need to find two numbers that multiply to 7",30,No,"To factor the quadratic equation 20x^2 - 1100x + 15096 = 0, we first divide all coefficients by 20 to simplify the equation:

x^2 - 55x + 754.8 = 0

Now, we need to find two numbers that multiply to 754.8 and add up to -55. The numbers are -38 and -17.

Therefore, we can factor the equation as:

(x - 38)(x - 17) = 0

Setting each factor to zero gives the roots:

x - 38 = 0
x = 38

and

x - 17 = 0
x = 17

So, the roots of the equation 20x^2 - 1100x + 15096 = 0 are x = 38 and x = 17.","20x^2 - 1100x + 15096 = 0
","[0, 0, 0, 0, 0, 0, 0, 0, 0, 0, 0]","[[0, 0, 0, 0, 0, 0, 0, 0, 0, 0, 0]]",3,1
60,"To factor the quadratic equation 20x^2 - 1100x + 15096 = 0, we first divide all coefficients by 20 to simplify the equation:

x^2 - 55x + 754.8 = 0

Now, we need to find two numbers that multiply to 754.8 and add up to -55. The numbers are -38 and -1",30,No,"To factor the quadratic equation 20x^2 - 1100x + 15096 = 0, we first divide all coefficients by 20 to simplify the equation:

x^2 - 55x + 754.8 = 0

Now, we need to find two numbers that multiply to 754.8 and add up to -55. The numbers are -38 and -17.

Therefore, we can factor the equation as:

(x - 38)(x - 17) = 0

Setting each factor to zero gives the roots:

x - 38 = 0
x = 38

and

x - 17 = 0
x = 17

So, the roots of the equation 20x^2 - 1100x + 15096 = 0 are x = 38 and x = 17.","20x^2 - 1100x + 15096 = 0
","[0, 0, 0, 0, 0, 0, 0, 0, 0, 0, 0]","[[0, 0, 0, 0, 0, 0, 0, 0, 0, 0, 0]]",4,1
61,"To factor the quadratic equation 20x^2 - 1100x + 15096 = 0, we first divide all coefficients by 20 to simplify the equation:

x^2 - 55x + 754.8 = 0

Now, we need to find two numbers that multiply to 754.8 and add up to -55. The numbers are -38 and -17.

Therefore, we can factor the equation as:

(x ",30,No,"To factor the quadratic equation 20x^2 - 1100x + 15096 = 0, we first divide all coefficients by 20 to simplify the equation:

x^2 - 55x + 754.8 = 0

Now, we need to find two numbers that multiply to 754.8 and add up to -55. The numbers are -38 and -17.

Therefore, we can factor the equation as:

(x - 38)(x - 17) = 0

Setting each factor to zero gives the roots:

x - 38 = 0
x = 38

and

x - 17 = 0
x = 17

So, the roots of the equation 20x^2 - 1100x + 15096 = 0 are x = 38 and x = 17.","20x^2 - 1100x + 15096 = 0
","[0, 0, 0, 0, 0, 0, 0, 0, 0, 0, 0]","[[0, 0, 0, 0, 0, 0, 0, 0, 0, 0, 0]]",5,1
62,"To factor the quadratic equation 20x^2 - 1100x + 15096 = 0, we first divide all coefficients by 20 to simplify the equation:

x^2 - 55x + 754.8 = 0

Now, we need to find two numbers that multiply to 754.8 and add up to -55. The numbers are -38 and -17.

Therefore, we can factor the equation as:

(x - 38)(x - 17) = 0

Setting each factor to zero giv",30,No,"To factor the quadratic equation 20x^2 - 1100x + 15096 = 0, we first divide all coefficients by 20 to simplify the equation:

x^2 - 55x + 754.8 = 0

Now, we need to find two numbers that multiply to 754.8 and add up to -55. The numbers are -38 and -17.

Therefore, we can factor the equation as:

(x - 38)(x - 17) = 0

Setting each factor to zero gives the roots:

x - 38 = 0
x = 38

and

x - 17 = 0
x = 17

So, the roots of the equation 20x^2 - 1100x + 15096 = 0 are x = 38 and x = 17.","20x^2 - 1100x + 15096 = 0
","[0, 0, 0, 0, 0, 0, 0, 0, 0, 0, 0]","[[0, 0, 0, 0, 0, 0, 0, 0, 0, 0, 0]]",6,1
63,"To factor the quadratic equation 20x^2 - 1100x + 15096 = 0, we first divide all coefficients by 20 to simplify the equation:

x^2 - 55x + 754.8 = 0

Now, we need to find two numbers that multiply to 754.8 and add up to -55. The numbers are -38 and -17.

Therefore, we can factor the equation as:

(x - 38)(x - 17) = 0

Setting each factor to zero gives the roots:

x - 38 = 0
x = 38

and

x - 17 = 0
",30,No,"To factor the quadratic equation 20x^2 - 1100x + 15096 = 0, we first divide all coefficients by 20 to simplify the equation:

x^2 - 55x + 754.8 = 0

Now, we need to find two numbers that multiply to 754.8 and add up to -55. The numbers are -38 and -17.

Therefore, we can factor the equation as:

(x - 38)(x - 17) = 0

Setting each factor to zero gives the roots:

x - 38 = 0
x = 38

and

x - 17 = 0
x = 17

So, the roots of the equation 20x^2 - 1100x + 15096 = 0 are x = 38 and x = 17.","20x^2 - 1100x + 15096 = 0
","[0, 0, 0, 0, 0, 0, 0, 0, 0, 0, 0]","[[0, 0, 0, 0, 0, 0, 0, 0, 0, 0, 0]]",7,1
64,"To factor the quadratic equation 20x^2 - 1100x + 15096 = 0, we first divide all coefficients by 20 to simplify the equation:

x^2 - 55x + 754.8 = 0

Now, we need to find two numbers that multiply to 754.8 and add up to -55. The numbers are -38 and -17.

Therefore, we can factor the equation as:

(x - 38)(x - 17) = 0

Setting each factor to zero gives the roots:

x - 38 = 0
x = 38

and

x - 17 = 0
x = 17

So, the roots of the equation 20x^2 - 1100",30,No,"To factor the quadratic equation 20x^2 - 1100x + 15096 = 0, we first divide all coefficients by 20 to simplify the equation:

x^2 - 55x + 754.8 = 0

Now, we need to find two numbers that multiply to 754.8 and add up to -55. The numbers are -38 and -17.

Therefore, we can factor the equation as:

(x - 38)(x - 17) = 0

Setting each factor to zero gives the roots:

x - 38 = 0
x = 38

and

x - 17 = 0
x = 17

So, the roots of the equation 20x^2 - 1100x + 15096 = 0 are x = 38 and x = 17.","20x^2 - 1100x + 15096 = 0
","[0, 0, 0, 0, 0, 0, 0, 0, 0, 0, 0]","[[0, 0, 0, 0, 0, 0, 0, 0, 0, 0, 0]]",8,1
65,"To factor the quadratic equation 20x^2 - 1100x + 15096 = 0, we first divide all coefficients by 20 to simplify the equation:

x^2 - 55x + 754.8 = 0

Now, we need to find two numbers that multiply to 754.8 and add up to -55. The numbers are -38 and -17.

Therefore, we can factor the equation as:

(x - 38)(x - 17) = 0

Setting each factor to zero gives the roots:

x - 38 = 0
x = 38

and

x - 17 = 0
x = 17

So, the roots of the equation 20x^2 - 1100x + 15096 = 0 are x = 38 and x = 17.",30,No,"To factor the quadratic equation 20x^2 - 1100x + 15096 = 0, we first divide all coefficients by 20 to simplify the equation:

x^2 - 55x + 754.8 = 0

Now, we need to find two numbers that multiply to 754.8 and add up to -55. The numbers are -38 and -17.

Therefore, we can factor the equation as:

(x - 38)(x - 17) = 0

Setting each factor to zero gives the roots:

x - 38 = 0
x = 38

and

x - 17 = 0
x = 17

So, the roots of the equation 20x^2 - 1100x + 15096 = 0 are x = 38 and x = 17.","20x^2 - 1100x + 15096 = 0
","[0, 0, 0, 0, 0, 0, 0, 0, 0, 0, 0]","[[0, 0, 0, 0, 0, 0, 0, 0, 0, 0, 0]]",9,1
66,"To factor the quadratic equation 20x^2 - 1100x + 15096 = 0, we first divide all coefficients by 20 to simplify the equation:

x^2 - 55x + 754.8 = 0

Now, we need to find two numbers that multiply to 754.8 and add up to -55. The numbers are -38 and -17.

Therefore, we can factor the equation as:

(x - 38)(x - 17) = 0

Setting each factor to zero gives the roots:

x - 38 = 0
x = 38

and

x - 17 = 0
x = 17

So, the roots of the equation 20x^2 - 1100x + 15096 = 0 are x = 38 and x = 17.",30,No,"To factor the quadratic equation 20x^2 - 1100x + 15096 = 0, we first divide all coefficients by 20 to simplify the equation:

x^2 - 55x + 754.8 = 0

Now, we need to find two numbers that multiply to 754.8 and add up to -55. The numbers are -38 and -17.

Therefore, we can factor the equation as:

(x - 38)(x - 17) = 0

Setting each factor to zero gives the roots:

x - 38 = 0
x = 38

and

x - 17 = 0
x = 17

So, the roots of the equation 20x^2 - 1100x + 15096 = 0 are x = 38 and x = 17.","20x^2 - 1100x + 15096 = 0
","[0, 0, 0, 0, 0, 0, 0, 0, 0, 0, 0]","[[0, 0, 0, 0, 0, 0, 0, 0, 0, 0, 0]]",10,1
67,"To factor the equation 1x^2 - 10x + 25 = 0, we loo",5,Yes,"To factor the equation 1x^2 - 10x + 25 = 0, we look for two numbers that multiply to 25 (the constant term) and add up to -10 (the coefficient of the x term). 

The two numbers that fit these criteria are -5 and -5. Therefore, we can factor the equation as (x - 5)(x - 5) = 0.

This simplifies to (x - 5)^2 = 0.

Taking the square root of both sides, we get x - 5 = 0.

Therefore, the only root of the equation is x = 5.","1x^2 - 10x + 25 = 0
","[0, 0, 0, 0, 0, 0, 0, 0, 0]","[[0, 0, 0, 0, 0, 0, 0, 0, 0]]",0,1
68,"To factor the equation 1x^2 - 10x + 25 = 0, we look for two numbers that multiply to 25 (the constan",5,Yes,"To factor the equation 1x^2 - 10x + 25 = 0, we look for two numbers that multiply to 25 (the constant term) and add up to -10 (the coefficient of the x term). 

The two numbers that fit these criteria are -5 and -5. Therefore, we can factor the equation as (x - 5)(x - 5) = 0.

This simplifies to (x - 5)^2 = 0.

Taking the square root of both sides, we get x - 5 = 0.

Therefore, the only root of the equation is x = 5.","1x^2 - 10x + 25 = 0
","[0, 0, 0, 0, 0, 0, 0, 0, 0]","[[0, 0, 0, 0, 0, 0, 0, 0, 0]]",1,1
69,"To factor the equation 1x^2 - 10x + 25 = 0, we look for two numbers that multiply to 25 (the constant term) and add up to -10 (the coefficient of the ",5,Yes,"To factor the equation 1x^2 - 10x + 25 = 0, we look for two numbers that multiply to 25 (the constant term) and add up to -10 (the coefficient of the x term). 

The two numbers that fit these criteria are -5 and -5. Therefore, we can factor the equation as (x - 5)(x - 5) = 0.

This simplifies to (x - 5)^2 = 0.

Taking the square root of both sides, we get x - 5 = 0.

Therefore, the only root of the equation is x = 5.","1x^2 - 10x + 25 = 0
","[0, 0, 0, 0, 0, 0, 0, 0, 0]","[[0, 0, 0, 0, 0, 0, 0, 0, 0]]",2,1
70,"To factor the equation 1x^2 - 10x + 25 = 0, we look for two numbers that multiply to 25 (the constant term) and add up to -10 (the coefficient of the x term). 

The two numbers that fit these criteria",5,Yes,"To factor the equation 1x^2 - 10x + 25 = 0, we look for two numbers that multiply to 25 (the constant term) and add up to -10 (the coefficient of the x term). 

The two numbers that fit these criteria are -5 and -5. Therefore, we can factor the equation as (x - 5)(x - 5) = 0.

This simplifies to (x - 5)^2 = 0.

Taking the square root of both sides, we get x - 5 = 0.

Therefore, the only root of the equation is x = 5.","1x^2 - 10x + 25 = 0
","[0, 0, 0, 0, 0, 0, 0, 0, 0]","[[0, 0, 0, 0, 0, 0, 0, 0, 0]]",3,1
71,"To factor the equation 1x^2 - 10x + 25 = 0, we look for two numbers that multiply to 25 (the constant term) and add up to -10 (the coefficient of the x term). 

The two numbers that fit these criteria are -5 and -5. Therefore, we can factor the equat",5,Yes,"To factor the equation 1x^2 - 10x + 25 = 0, we look for two numbers that multiply to 25 (the constant term) and add up to -10 (the coefficient of the x term). 

The two numbers that fit these criteria are -5 and -5. Therefore, we can factor the equation as (x - 5)(x - 5) = 0.

This simplifies to (x - 5)^2 = 0.

Taking the square root of both sides, we get x - 5 = 0.

Therefore, the only root of the equation is x = 5.","1x^2 - 10x + 25 = 0
","[0, 0, 0, 0, 0, 0, 0, 0, 0]","[[0, 0, 0, 0, 0, 0, 0, 0, 0]]",4,1
72,"To factor the equation 1x^2 - 10x + 25 = 0, we look for two numbers that multiply to 25 (the constant term) and add up to -10 (the coefficient of the x term). 

The two numbers that fit these criteria are -5 and -5. Therefore, we can factor the equation as (x - 5)(x - 5) = 0.

This simplifies to (x ",5,Yes,"To factor the equation 1x^2 - 10x + 25 = 0, we look for two numbers that multiply to 25 (the constant term) and add up to -10 (the coefficient of the x term). 

The two numbers that fit these criteria are -5 and -5. Therefore, we can factor the equation as (x - 5)(x - 5) = 0.

This simplifies to (x - 5)^2 = 0.

Taking the square root of both sides, we get x - 5 = 0.

Therefore, the only root of the equation is x = 5.","1x^2 - 10x + 25 = 0
","[0, 0, 0, 0, 0, 0, 0, 0, 0]","[[0, 0, 0, 0, 0, 0, 0, 0, 0]]",5,1
73,"To factor the equation 1x^2 - 10x + 25 = 0, we look for two numbers that multiply to 25 (the constant term) and add up to -10 (the coefficient of the x term). 

The two numbers that fit these criteria are -5 and -5. Therefore, we can factor the equation as (x - 5)(x - 5) = 0.

This simplifies to (x - 5)^2 = 0.

Taking the square root of both sides,",5,Yes,"To factor the equation 1x^2 - 10x + 25 = 0, we look for two numbers that multiply to 25 (the constant term) and add up to -10 (the coefficient of the x term). 

The two numbers that fit these criteria are -5 and -5. Therefore, we can factor the equation as (x - 5)(x - 5) = 0.

This simplifies to (x - 5)^2 = 0.

Taking the square root of both sides, we get x - 5 = 0.

Therefore, the only root of the equation is x = 5.","1x^2 - 10x + 25 = 0
","[0, 0, 0, 0, 0, 0, 0, 0, 0]","[[0, 0, 0, 0, 0, 0, 0, 0, 0]]",6,1
74,"To factor the equation 1x^2 - 10x + 25 = 0, we look for two numbers that multiply to 25 (the constant term) and add up to -10 (the coefficient of the x term). 

The two numbers that fit these criteria are -5 and -5. Therefore, we can factor the equation as (x - 5)(x - 5) = 0.

This simplifies to (x - 5)^2 = 0.

Taking the square root of both sides, we get x - 5 = 0.

Therefore, the only root of th",5,Yes,"To factor the equation 1x^2 - 10x + 25 = 0, we look for two numbers that multiply to 25 (the constant term) and add up to -10 (the coefficient of the x term). 

The two numbers that fit these criteria are -5 and -5. Therefore, we can factor the equation as (x - 5)(x - 5) = 0.

This simplifies to (x - 5)^2 = 0.

Taking the square root of both sides, we get x - 5 = 0.

Therefore, the only root of the equation is x = 5.","1x^2 - 10x + 25 = 0
","[0, 0, 0, 0, 0, 0, 0, 0, 0]","[[0, 0, 0, 0, 0, 0, 0, 0, 0]]",7,1
75,"To factor the equation 1x^2 - 10x + 25 = 0, we look for two numbers that multiply to 25 (the constant term) and add up to -10 (the coefficient of the x term). 

The two numbers that fit these criteria are -5 and -5. Therefore, we can factor the equation as (x - 5)(x - 5) = 0.

This simplifies to (x - 5)^2 = 0.

Taking the square root of both sides, we get x - 5 = 0.

Therefore, the only root of the equation is x = 5.",5,Yes,"To factor the equation 1x^2 - 10x + 25 = 0, we look for two numbers that multiply to 25 (the constant term) and add up to -10 (the coefficient of the x term). 

The two numbers that fit these criteria are -5 and -5. Therefore, we can factor the equation as (x - 5)(x - 5) = 0.

This simplifies to (x - 5)^2 = 0.

Taking the square root of both sides, we get x - 5 = 0.

Therefore, the only root of the equation is x = 5.","1x^2 - 10x + 25 = 0
","[0, 0, 0, 0, 0, 0, 0, 0, 0]","[[0, 0, 0, 0, 0, 0, 0, 0, 0]]",8,1
76,"Let's try to factor the quadratic equation first:
",20,Yes,"Let's try to factor the quadratic equation first:

3x^2 - 102x + 867 = 0

Divide each term by 3 to simplify the equation:

x^2 - 34x + 289 = 0

Now, let's try to factorize this equation:

(x - 17)(x - 17) = 0

(x - 17)^2 = 0

x - 17 = 0

x = 17

Therefore, the root of the quadratic equation 3x^2 - 102x + 867 = 0 is x = 17.","3x^2 - 102x + 867 = 0
","[0, 0, 0, 0, 0, 0, 0]","[[0, 0, 0, 0, 0, 0, 0]]",0,1
77,"Let's try to factor the quadratic equation first:

3x^2 - 102x + 867 = 0

Divide each term by 3 to s",20,Yes,"Let's try to factor the quadratic equation first:

3x^2 - 102x + 867 = 0

Divide each term by 3 to simplify the equation:

x^2 - 34x + 289 = 0

Now, let's try to factorize this equation:

(x - 17)(x - 17) = 0

(x - 17)^2 = 0

x - 17 = 0

x = 17

Therefore, the root of the quadratic equation 3x^2 - 102x + 867 = 0 is x = 17.","3x^2 - 102x + 867 = 0
","[0, 0, 0, 0, 0, 0, 0]","[[0, 0, 0, 0, 0, 0, 0]]",1,1
78,"Let's try to factor the quadratic equation first:

3x^2 - 102x + 867 = 0

Divide each term by 3 to simplify the equation:

x^2 - 34x + 289 = 0

Now, l",20,Yes,"Let's try to factor the quadratic equation first:

3x^2 - 102x + 867 = 0

Divide each term by 3 to simplify the equation:

x^2 - 34x + 289 = 0

Now, let's try to factorize this equation:

(x - 17)(x - 17) = 0

(x - 17)^2 = 0

x - 17 = 0

x = 17

Therefore, the root of the quadratic equation 3x^2 - 102x + 867 = 0 is x = 17.","3x^2 - 102x + 867 = 0
","[0, 0, 0, 0, 0, 0, 0]","[[0, 0, 0, 0, 0, 0, 0]]",2,1
79,"Let's try to factor the quadratic equation first:

3x^2 - 102x + 867 = 0

Divide each term by 3 to simplify the equation:

x^2 - 34x + 289 = 0

Now, let's try to factorize this equation:

(x - 17)(x -",20,Yes,"Let's try to factor the quadratic equation first:

3x^2 - 102x + 867 = 0

Divide each term by 3 to simplify the equation:

x^2 - 34x + 289 = 0

Now, let's try to factorize this equation:

(x - 17)(x - 17) = 0

(x - 17)^2 = 0

x - 17 = 0

x = 17

Therefore, the root of the quadratic equation 3x^2 - 102x + 867 = 0 is x = 17.","3x^2 - 102x + 867 = 0
","[0, 0, 0, 0, 0, 0, 0]","[[0, 0, 0, 0, 0, 0, 0]]",3,1
80,"Let's try to factor the quadratic equation first:

3x^2 - 102x + 867 = 0

Divide each term by 3 to simplify the equation:

x^2 - 34x + 289 = 0

Now, let's try to factorize this equation:

(x - 17)(x - 17) = 0

(x - 17)^2 = 0

x - 17 = 0

x = 17

Ther",20,Yes,"Let's try to factor the quadratic equation first:

3x^2 - 102x + 867 = 0

Divide each term by 3 to simplify the equation:

x^2 - 34x + 289 = 0

Now, let's try to factorize this equation:

(x - 17)(x - 17) = 0

(x - 17)^2 = 0

x - 17 = 0

x = 17

Therefore, the root of the quadratic equation 3x^2 - 102x + 867 = 0 is x = 17.","3x^2 - 102x + 867 = 0
","[0, 0, 0, 0, 0, 0, 0]","[[0, 0, 0, 0, 0, 0, 0]]",4,1
81,"Let's try to factor the quadratic equation first:

3x^2 - 102x + 867 = 0

Divide each term by 3 to simplify the equation:

x^2 - 34x + 289 = 0

Now, let's try to factorize this equation:

(x - 17)(x - 17) = 0

(x - 17)^2 = 0

x - 17 = 0

x = 17

Therefore, the root of the quadratic equation 3x^2 - 1",20,Yes,"Let's try to factor the quadratic equation first:

3x^2 - 102x + 867 = 0

Divide each term by 3 to simplify the equation:

x^2 - 34x + 289 = 0

Now, let's try to factorize this equation:

(x - 17)(x - 17) = 0

(x - 17)^2 = 0

x - 17 = 0

x = 17

Therefore, the root of the quadratic equation 3x^2 - 102x + 867 = 0 is x = 17.","3x^2 - 102x + 867 = 0
","[0, 0, 0, 0, 0, 0, 0]","[[0, 0, 0, 0, 0, 0, 0]]",5,1
82,"Let's try to factor the quadratic equation first:

3x^2 - 102x + 867 = 0

Divide each term by 3 to simplify the equation:

x^2 - 34x + 289 = 0

Now, let's try to factorize this equation:

(x - 17)(x - 17) = 0

(x - 17)^2 = 0

x - 17 = 0

x = 17

Therefore, the root of the quadratic equation 3x^2 - 102x + 867 = 0 is x = 17.",20,Yes,"Let's try to factor the quadratic equation first:

3x^2 - 102x + 867 = 0

Divide each term by 3 to simplify the equation:

x^2 - 34x + 289 = 0

Now, let's try to factorize this equation:

(x - 17)(x - 17) = 0

(x - 17)^2 = 0

x - 17 = 0

x = 17

Therefore, the root of the quadratic equation 3x^2 - 102x + 867 = 0 is x = 17.","3x^2 - 102x + 867 = 0
","[0, 0, 0, 0, 0, 0, 0]","[[0, 0, 0, 0, 0, 0, 0]]",6,1
83,"To factor the equation 1x^2 - 17x + 76 = 0, we nee",10,No,"To factor the equation 1x^2 - 17x + 76 = 0, we need to find two numbers that multiply to 76 and add up to -17. The numbers are -4 and -19.

Therefore, the equation can be factored as:
(x - 4)(x - 19) = 0

Setting each factor to zero:
x - 4 = 0
x = 4

x - 19 = 0
x = 19

So, the roots of the quadratic equation 1x^2 - 17x + 76 = 0 are x = 4 and x = 19.","1x^2 - 17x + 76 = 0
","[0, 0, 0, 0, 0, 0, 0, 0]","[[0, 0, 0, 0, 0, 0, 0, 0]]",0,1
84,"To factor the equation 1x^2 - 17x + 76 = 0, we need to find two numbers that multiply to 76 and add ",10,No,"To factor the equation 1x^2 - 17x + 76 = 0, we need to find two numbers that multiply to 76 and add up to -17. The numbers are -4 and -19.

Therefore, the equation can be factored as:
(x - 4)(x - 19) = 0

Setting each factor to zero:
x - 4 = 0
x = 4

x - 19 = 0
x = 19

So, the roots of the quadratic equation 1x^2 - 17x + 76 = 0 are x = 4 and x = 19.","1x^2 - 17x + 76 = 0
","[0, 0, 0, 0, 0, 0, 0, 0]","[[0, 0, 0, 0, 0, 0, 0, 0]]",1,1
85,"To factor the equation 1x^2 - 17x + 76 = 0, we need to find two numbers that multiply to 76 and add up to -17. The numbers are -4 and -19.

Therefore,",10,No,"To factor the equation 1x^2 - 17x + 76 = 0, we need to find two numbers that multiply to 76 and add up to -17. The numbers are -4 and -19.

Therefore, the equation can be factored as:
(x - 4)(x - 19) = 0

Setting each factor to zero:
x - 4 = 0
x = 4

x - 19 = 0
x = 19

So, the roots of the quadratic equation 1x^2 - 17x + 76 = 0 are x = 4 and x = 19.","1x^2 - 17x + 76 = 0
","[0, 0, 0, 0, 0, 0, 0, 0]","[[0, 0, 0, 0, 0, 0, 0, 0]]",2,1
86,"To factor the equation 1x^2 - 17x + 76 = 0, we need to find two numbers that multiply to 76 and add up to -17. The numbers are -4 and -19.

Therefore, the equation can be factored as:
(x - 4)(x - 19) ",10,No,"To factor the equation 1x^2 - 17x + 76 = 0, we need to find two numbers that multiply to 76 and add up to -17. The numbers are -4 and -19.

Therefore, the equation can be factored as:
(x - 4)(x - 19) = 0

Setting each factor to zero:
x - 4 = 0
x = 4

x - 19 = 0
x = 19

So, the roots of the quadratic equation 1x^2 - 17x + 76 = 0 are x = 4 and x = 19.","1x^2 - 17x + 76 = 0
","[0, 0, 0, 0, 0, 0, 0, 0]","[[0, 0, 0, 0, 0, 0, 0, 0]]",3,1
87,"To factor the equation 1x^2 - 17x + 76 = 0, we need to find two numbers that multiply to 76 and add up to -17. The numbers are -4 and -19.

Therefore, the equation can be factored as:
(x - 4)(x - 19) = 0

Setting each factor to zero:
x - 4 = 0
x = 4
",10,No,"To factor the equation 1x^2 - 17x + 76 = 0, we need to find two numbers that multiply to 76 and add up to -17. The numbers are -4 and -19.

Therefore, the equation can be factored as:
(x - 4)(x - 19) = 0

Setting each factor to zero:
x - 4 = 0
x = 4

x - 19 = 0
x = 19

So, the roots of the quadratic equation 1x^2 - 17x + 76 = 0 are x = 4 and x = 19.","1x^2 - 17x + 76 = 0
","[0, 0, 0, 0, 0, 0, 0, 0]","[[0, 0, 0, 0, 0, 0, 0, 0]]",4,1
88,"To factor the equation 1x^2 - 17x + 76 = 0, we need to find two numbers that multiply to 76 and add up to -17. The numbers are -4 and -19.

Therefore, the equation can be factored as:
(x - 4)(x - 19) = 0

Setting each factor to zero:
x - 4 = 0
x = 4

x - 19 = 0
x = 19

So, the roots of the quadratic",10,No,"To factor the equation 1x^2 - 17x + 76 = 0, we need to find two numbers that multiply to 76 and add up to -17. The numbers are -4 and -19.

Therefore, the equation can be factored as:
(x - 4)(x - 19) = 0

Setting each factor to zero:
x - 4 = 0
x = 4

x - 19 = 0
x = 19

So, the roots of the quadratic equation 1x^2 - 17x + 76 = 0 are x = 4 and x = 19.","1x^2 - 17x + 76 = 0
","[0, 0, 0, 0, 0, 0, 0, 0]","[[0, 0, 0, 0, 0, 0, 0, 0]]",5,1
89,"To factor the equation 1x^2 - 17x + 76 = 0, we need to find two numbers that multiply to 76 and add up to -17. The numbers are -4 and -19.

Therefore, the equation can be factored as:
(x - 4)(x - 19) = 0

Setting each factor to zero:
x - 4 = 0
x = 4

x - 19 = 0
x = 19

So, the roots of the quadratic equation 1x^2 - 17x + 76 = 0 are x = 4 and x = 19",10,No,"To factor the equation 1x^2 - 17x + 76 = 0, we need to find two numbers that multiply to 76 and add up to -17. The numbers are -4 and -19.

Therefore, the equation can be factored as:
(x - 4)(x - 19) = 0

Setting each factor to zero:
x - 4 = 0
x = 4

x - 19 = 0
x = 19

So, the roots of the quadratic equation 1x^2 - 17x + 76 = 0 are x = 4 and x = 19.","1x^2 - 17x + 76 = 0
","[0, 0, 0, 0, 0, 0, 0, 0]","[[0, 0, 0, 0, 0, 0, 0, 0]]",6,1
90,"To factor the equation 1x^2 - 17x + 76 = 0, we need to find two numbers that multiply to 76 and add up to -17. The numbers are -4 and -19.

Therefore, the equation can be factored as:
(x - 4)(x - 19) = 0

Setting each factor to zero:
x - 4 = 0
x = 4

x - 19 = 0
x = 19

So, the roots of the quadratic equation 1x^2 - 17x + 76 = 0 are x = 4 and x = 19.",10,No,"To factor the equation 1x^2 - 17x + 76 = 0, we need to find two numbers that multiply to 76 and add up to -17. The numbers are -4 and -19.

Therefore, the equation can be factored as:
(x - 4)(x - 19) = 0

Setting each factor to zero:
x - 4 = 0
x = 4

x - 19 = 0
x = 19

So, the roots of the quadratic equation 1x^2 - 17x + 76 = 0 are x = 4 and x = 19.","1x^2 - 17x + 76 = 0
","[0, 0, 0, 0, 0, 0, 0, 0]","[[0, 0, 0, 0, 0, 0, 0, 0]]",7,1
91,To factor the quadratic equation 3x^2 - 57x + 279 ,15,No,"To factor the quadratic equation 3x^2 - 57x + 279 = 0, we first divide all terms by the coefficient of x^2 (which is 3) to simplify the equation:

x^2 - 19x + 93 = 0

Now, let's try to factor the equation:

(x - 9)(x - 10) = 0

So, the roots of the quadratic equation 3x^2 - 57x + 279 = 0 are x = 9 and x = 10.","3x^2 - 57x + 279 = 0
","[0, 0, 0, 0, 0, 0, 0]","[[0, 0, 0, 0, 0, 0, 0]]",0,1
92,"To factor the quadratic equation 3x^2 - 57x + 279 = 0, we first divide all terms by the coefficient ",15,No,"To factor the quadratic equation 3x^2 - 57x + 279 = 0, we first divide all terms by the coefficient of x^2 (which is 3) to simplify the equation:

x^2 - 19x + 93 = 0

Now, let's try to factor the equation:

(x - 9)(x - 10) = 0

So, the roots of the quadratic equation 3x^2 - 57x + 279 = 0 are x = 9 and x = 10.","3x^2 - 57x + 279 = 0
","[0, 0, 0, 0, 0, 0, 0]","[[0, 0, 0, 0, 0, 0, 0]]",1,1
93,"To factor the quadratic equation 3x^2 - 57x + 279 = 0, we first divide all terms by the coefficient of x^2 (which is 3) to simplify the equation:

x^2",15,No,"To factor the quadratic equation 3x^2 - 57x + 279 = 0, we first divide all terms by the coefficient of x^2 (which is 3) to simplify the equation:

x^2 - 19x + 93 = 0

Now, let's try to factor the equation:

(x - 9)(x - 10) = 0

So, the roots of the quadratic equation 3x^2 - 57x + 279 = 0 are x = 9 and x = 10.","3x^2 - 57x + 279 = 0
","[0, 0, 0, 0, 0, 0, 0]","[[0, 0, 0, 0, 0, 0, 0]]",2,1
94,"To factor the quadratic equation 3x^2 - 57x + 279 = 0, we first divide all terms by the coefficient of x^2 (which is 3) to simplify the equation:

x^2 - 19x + 93 = 0

Now, let's try to factor the equa",15,No,"To factor the quadratic equation 3x^2 - 57x + 279 = 0, we first divide all terms by the coefficient of x^2 (which is 3) to simplify the equation:

x^2 - 19x + 93 = 0

Now, let's try to factor the equation:

(x - 9)(x - 10) = 0

So, the roots of the quadratic equation 3x^2 - 57x + 279 = 0 are x = 9 and x = 10.","3x^2 - 57x + 279 = 0
","[0, 0, 0, 0, 0, 0, 0]","[[0, 0, 0, 0, 0, 0, 0]]",3,1
95,"To factor the quadratic equation 3x^2 - 57x + 279 = 0, we first divide all terms by the coefficient of x^2 (which is 3) to simplify the equation:

x^2 - 19x + 93 = 0

Now, let's try to factor the equation:

(x - 9)(x - 10) = 0

So, the roots of the q",15,No,"To factor the quadratic equation 3x^2 - 57x + 279 = 0, we first divide all terms by the coefficient of x^2 (which is 3) to simplify the equation:

x^2 - 19x + 93 = 0

Now, let's try to factor the equation:

(x - 9)(x - 10) = 0

So, the roots of the quadratic equation 3x^2 - 57x + 279 = 0 are x = 9 and x = 10.","3x^2 - 57x + 279 = 0
","[0, 0, 0, 0, 0, 0, 0]","[[0, 0, 0, 0, 0, 0, 0]]",4,1
96,"To factor the quadratic equation 3x^2 - 57x + 279 = 0, we first divide all terms by the coefficient of x^2 (which is 3) to simplify the equation:

x^2 - 19x + 93 = 0

Now, let's try to factor the equation:

(x - 9)(x - 10) = 0

So, the roots of the quadratic equation 3x^2 - 57x + 279 = 0 are x = 9 a",15,No,"To factor the quadratic equation 3x^2 - 57x + 279 = 0, we first divide all terms by the coefficient of x^2 (which is 3) to simplify the equation:

x^2 - 19x + 93 = 0

Now, let's try to factor the equation:

(x - 9)(x - 10) = 0

So, the roots of the quadratic equation 3x^2 - 57x + 279 = 0 are x = 9 and x = 10.","3x^2 - 57x + 279 = 0
","[0, 0, 0, 0, 0, 0, 0]","[[0, 0, 0, 0, 0, 0, 0]]",5,1
97,"To factor the quadratic equation 3x^2 - 57x + 279 = 0, we first divide all terms by the coefficient of x^2 (which is 3) to simplify the equation:

x^2 - 19x + 93 = 0

Now, let's try to factor the equation:

(x - 9)(x - 10) = 0

So, the roots of the quadratic equation 3x^2 - 57x + 279 = 0 are x = 9 and x = 10.",15,No,"To factor the quadratic equation 3x^2 - 57x + 279 = 0, we first divide all terms by the coefficient of x^2 (which is 3) to simplify the equation:

x^2 - 19x + 93 = 0

Now, let's try to factor the equation:

(x - 9)(x - 10) = 0

So, the roots of the quadratic equation 3x^2 - 57x + 279 = 0 are x = 9 and x = 10.","3x^2 - 57x + 279 = 0
","[0, 0, 0, 0, 0, 0, 0]","[[0, 0, 0, 0, 0, 0, 0]]",6,1
98,"First, let's try to factor the quadratic equation ",25,Yes,"First, let's try to factor the quadratic equation 5x^2 - 150x + 1045 = 0:

We can rewrite the equation as:
5x^2 - 145x - 5x + 1045 = 0
5x(x - 29) - 5(x - 29) = 0
(5x - 5)(x - 29) = 0
5(x - 1)(x - 29) = 0

Now, we can set each factor to zero:
5x - 5 = 0   or   x - 29 = 0
5x = 5            x = 29
x = 1                 x = 29

Therefore, the roots of the quadratic equation 5x^2 - 150x + 1045 = 0 are x = 1 and x = 29.","5x^2 - 150x + 1045 = 0
","[0, 0, 0, 0, 0, 0, 0, 0, 0]","[[0, 0, 0, 0, 0, 0, 0, 0, 0]]",0,1
99,"First, let's try to factor the quadratic equation 5x^2 - 150x + 1045 = 0:

We can rewrite the equati",25,Yes,"First, let's try to factor the quadratic equation 5x^2 - 150x + 1045 = 0:

We can rewrite the equation as:
5x^2 - 145x - 5x + 1045 = 0
5x(x - 29) - 5(x - 29) = 0
(5x - 5)(x - 29) = 0
5(x - 1)(x - 29) = 0

Now, we can set each factor to zero:
5x - 5 = 0   or   x - 29 = 0
5x = 5            x = 29
x = 1                 x = 29

Therefore, the roots of the quadratic equation 5x^2 - 150x + 1045 = 0 are x = 1 and x = 29.","5x^2 - 150x + 1045 = 0
","[0, 0, 0, 0, 0, 0, 0, 0, 0]","[[0, 0, 0, 0, 0, 0, 0, 0, 0]]",1,1
100,"First, let's try to factor the quadratic equation 5x^2 - 150x + 1045 = 0:

We can rewrite the equation as:
5x^2 - 145x - 5x + 1045 = 0
5x(x - 29) - 5(",25,Yes,"First, let's try to factor the quadratic equation 5x^2 - 150x + 1045 = 0:

We can rewrite the equation as:
5x^2 - 145x - 5x + 1045 = 0
5x(x - 29) - 5(x - 29) = 0
(5x - 5)(x - 29) = 0
5(x - 1)(x - 29) = 0

Now, we can set each factor to zero:
5x - 5 = 0   or   x - 29 = 0
5x = 5            x = 29
x = 1                 x = 29

Therefore, the roots of the quadratic equation 5x^2 - 150x + 1045 = 0 are x = 1 and x = 29.","5x^2 - 150x + 1045 = 0
","[0, 0, 0, 0, 0, 0, 0, 0, 0]","[[0, 0, 0, 0, 0, 0, 0, 0, 0]]",2,1
101,"First, let's try to factor the quadratic equation 5x^2 - 150x + 1045 = 0:

We can rewrite the equation as:
5x^2 - 145x - 5x + 1045 = 0
5x(x - 29) - 5(x - 29) = 0
(5x - 5)(x - 29) = 0
5(x - 1)(x - 29) ",25,Yes,"First, let's try to factor the quadratic equation 5x^2 - 150x + 1045 = 0:

We can rewrite the equation as:
5x^2 - 145x - 5x + 1045 = 0
5x(x - 29) - 5(x - 29) = 0
(5x - 5)(x - 29) = 0
5(x - 1)(x - 29) = 0

Now, we can set each factor to zero:
5x - 5 = 0   or   x - 29 = 0
5x = 5            x = 29
x = 1                 x = 29

Therefore, the roots of the quadratic equation 5x^2 - 150x + 1045 = 0 are x = 1 and x = 29.","5x^2 - 150x + 1045 = 0
","[0, 0, 0, 0, 0, 0, 0, 0, 0]","[[0, 0, 0, 0, 0, 0, 0, 0, 0]]",3,1
102,"First, let's try to factor the quadratic equation 5x^2 - 150x + 1045 = 0:

We can rewrite the equation as:
5x^2 - 145x - 5x + 1045 = 0
5x(x - 29) - 5(x - 29) = 0
(5x - 5)(x - 29) = 0
5(x - 1)(x - 29) = 0

Now, we can set each factor to zero:
5x - 5 =",25,Yes,"First, let's try to factor the quadratic equation 5x^2 - 150x + 1045 = 0:

We can rewrite the equation as:
5x^2 - 145x - 5x + 1045 = 0
5x(x - 29) - 5(x - 29) = 0
(5x - 5)(x - 29) = 0
5(x - 1)(x - 29) = 0

Now, we can set each factor to zero:
5x - 5 = 0   or   x - 29 = 0
5x = 5            x = 29
x = 1                 x = 29

Therefore, the roots of the quadratic equation 5x^2 - 150x + 1045 = 0 are x = 1 and x = 29.","5x^2 - 150x + 1045 = 0
","[0, 0, 0, 0, 0, 0, 0, 0, 0]","[[0, 0, 0, 0, 0, 0, 0, 0, 0]]",4,1
103,"First, let's try to factor the quadratic equation 5x^2 - 150x + 1045 = 0:

We can rewrite the equation as:
5x^2 - 145x - 5x + 1045 = 0
5x(x - 29) - 5(x - 29) = 0
(5x - 5)(x - 29) = 0
5(x - 1)(x - 29) = 0

Now, we can set each factor to zero:
5x - 5 = 0   or   x - 29 = 0
5x = 5            x = 29
x = ",25,Yes,"First, let's try to factor the quadratic equation 5x^2 - 150x + 1045 = 0:

We can rewrite the equation as:
5x^2 - 145x - 5x + 1045 = 0
5x(x - 29) - 5(x - 29) = 0
(5x - 5)(x - 29) = 0
5(x - 1)(x - 29) = 0

Now, we can set each factor to zero:
5x - 5 = 0   or   x - 29 = 0
5x = 5            x = 29
x = 1                 x = 29

Therefore, the roots of the quadratic equation 5x^2 - 150x + 1045 = 0 are x = 1 and x = 29.","5x^2 - 150x + 1045 = 0
","[0, 0, 0, 0, 0, 0, 0, 0, 0]","[[0, 0, 0, 0, 0, 0, 0, 0, 0]]",5,1
104,"First, let's try to factor the quadratic equation 5x^2 - 150x + 1045 = 0:

We can rewrite the equation as:
5x^2 - 145x - 5x + 1045 = 0
5x(x - 29) - 5(x - 29) = 0
(5x - 5)(x - 29) = 0
5(x - 1)(x - 29) = 0

Now, we can set each factor to zero:
5x - 5 = 0   or   x - 29 = 0
5x = 5            x = 29
x = 1                 x = 29

Therefore, the roots of ",25,Yes,"First, let's try to factor the quadratic equation 5x^2 - 150x + 1045 = 0:

We can rewrite the equation as:
5x^2 - 145x - 5x + 1045 = 0
5x(x - 29) - 5(x - 29) = 0
(5x - 5)(x - 29) = 0
5(x - 1)(x - 29) = 0

Now, we can set each factor to zero:
5x - 5 = 0   or   x - 29 = 0
5x = 5            x = 29
x = 1                 x = 29

Therefore, the roots of the quadratic equation 5x^2 - 150x + 1045 = 0 are x = 1 and x = 29.","5x^2 - 150x + 1045 = 0
","[0, 0, 0, 0, 0, 0, 0, 0, 0]","[[0, 0, 0, 0, 0, 0, 0, 0, 0]]",6,1
105,"First, let's try to factor the quadratic equation 5x^2 - 150x + 1045 = 0:

We can rewrite the equation as:
5x^2 - 145x - 5x + 1045 = 0
5x(x - 29) - 5(x - 29) = 0
(5x - 5)(x - 29) = 0
5(x - 1)(x - 29) = 0

Now, we can set each factor to zero:
5x - 5 = 0   or   x - 29 = 0
5x = 5            x = 29
x = 1                 x = 29

Therefore, the roots of the quadratic equation 5x^2 - 150x + 1045 = 0 are ",25,Yes,"First, let's try to factor the quadratic equation 5x^2 - 150x + 1045 = 0:

We can rewrite the equation as:
5x^2 - 145x - 5x + 1045 = 0
5x(x - 29) - 5(x - 29) = 0
(5x - 5)(x - 29) = 0
5(x - 1)(x - 29) = 0

Now, we can set each factor to zero:
5x - 5 = 0   or   x - 29 = 0
5x = 5            x = 29
x = 1                 x = 29

Therefore, the roots of the quadratic equation 5x^2 - 150x + 1045 = 0 are x = 1 and x = 29.","5x^2 - 150x + 1045 = 0
","[0, 0, 0, 0, 0, 0, 0, 0, 0]","[[0, 0, 0, 0, 0, 0, 0, 0, 0]]",7,1
106,"First, let's try to factor the quadratic equation 5x^2 - 150x + 1045 = 0:

We can rewrite the equation as:
5x^2 - 145x - 5x + 1045 = 0
5x(x - 29) - 5(x - 29) = 0
(5x - 5)(x - 29) = 0
5(x - 1)(x - 29) = 0

Now, we can set each factor to zero:
5x - 5 = 0   or   x - 29 = 0
5x = 5            x = 29
x = 1                 x = 29

Therefore, the roots of the quadratic equation 5x^2 - 150x + 1045 = 0 are x = 1 and x = 29.",25,Yes,"First, let's try to factor the quadratic equation 5x^2 - 150x + 1045 = 0:

We can rewrite the equation as:
5x^2 - 145x - 5x + 1045 = 0
5x(x - 29) - 5(x - 29) = 0
(5x - 5)(x - 29) = 0
5(x - 1)(x - 29) = 0

Now, we can set each factor to zero:
5x - 5 = 0   or   x - 29 = 0
5x = 5            x = 29
x = 1                 x = 29

Therefore, the roots of the quadratic equation 5x^2 - 150x + 1045 = 0 are x = 1 and x = 29.","5x^2 - 150x + 1045 = 0
","[0, 0, 0, 0, 0, 0, 0, 0, 0]","[[0, 0, 0, 0, 0, 0, 0, 0, 0]]",8,1
107,"First, let's try to factor the quadratic equation:",15,Yes,"First, let's try to factor the quadratic equation:

15x^2 - 195x + 330 = 0

First, we can divide all terms by 15 to simplify the equation:

x^2 - 13x + 22 = 0

Let's try to factor the equation:

(x-11)(x-2) = 0

Therefore, the roots of the equation are x = 11 and x = 2.","15x^2 - 195x + 330 = 0
","[0, 0, 0, 0, 0, 0]","[[0, 0, 0, 0, 0, 0]]",0,1
108,"First, let's try to factor the quadratic equation:

15x^2 - 195x + 330 = 0

First, we can divide all",15,Yes,"First, let's try to factor the quadratic equation:

15x^2 - 195x + 330 = 0

First, we can divide all terms by 15 to simplify the equation:

x^2 - 13x + 22 = 0

Let's try to factor the equation:

(x-11)(x-2) = 0

Therefore, the roots of the equation are x = 11 and x = 2.","15x^2 - 195x + 330 = 0
","[0, 0, 0, 0, 0, 0]","[[0, 0, 0, 0, 0, 0]]",1,1
109,"First, let's try to factor the quadratic equation:

15x^2 - 195x + 330 = 0

First, we can divide all terms by 15 to simplify the equation:

x^2 - 13x ",15,Yes,"First, let's try to factor the quadratic equation:

15x^2 - 195x + 330 = 0

First, we can divide all terms by 15 to simplify the equation:

x^2 - 13x + 22 = 0

Let's try to factor the equation:

(x-11)(x-2) = 0

Therefore, the roots of the equation are x = 11 and x = 2.","15x^2 - 195x + 330 = 0
","[0, 0, 0, 0, 0, 0]","[[0, 0, 0, 0, 0, 0]]",2,1
110,"First, let's try to factor the quadratic equation:

15x^2 - 195x + 330 = 0

First, we can divide all terms by 15 to simplify the equation:

x^2 - 13x + 22 = 0

Let's try to factor the equation:

(x-11",15,Yes,"First, let's try to factor the quadratic equation:

15x^2 - 195x + 330 = 0

First, we can divide all terms by 15 to simplify the equation:

x^2 - 13x + 22 = 0

Let's try to factor the equation:

(x-11)(x-2) = 0

Therefore, the roots of the equation are x = 11 and x = 2.","15x^2 - 195x + 330 = 0
","[0, 0, 0, 0, 0, 0]","[[0, 0, 0, 0, 0, 0]]",3,1
111,"First, let's try to factor the quadratic equation:

15x^2 - 195x + 330 = 0

First, we can divide all terms by 15 to simplify the equation:

x^2 - 13x + 22 = 0

Let's try to factor the equation:

(x-11)(x-2) = 0

Therefore, the roots of the equation a",15,Yes,"First, let's try to factor the quadratic equation:

15x^2 - 195x + 330 = 0

First, we can divide all terms by 15 to simplify the equation:

x^2 - 13x + 22 = 0

Let's try to factor the equation:

(x-11)(x-2) = 0

Therefore, the roots of the equation are x = 11 and x = 2.","15x^2 - 195x + 330 = 0
","[0, 0, 0, 0, 0, 0]","[[0, 0, 0, 0, 0, 0]]",4,1
112,"First, let's try to factor the quadratic equation:

15x^2 - 195x + 330 = 0

First, we can divide all terms by 15 to simplify the equation:

x^2 - 13x + 22 = 0

Let's try to factor the equation:

(x-11)(x-2) = 0

Therefore, the roots of the equation are x = 11 and x = 2.",15,Yes,"First, let's try to factor the quadratic equation:

15x^2 - 195x + 330 = 0

First, we can divide all terms by 15 to simplify the equation:

x^2 - 13x + 22 = 0

Let's try to factor the equation:

(x-11)(x-2) = 0

Therefore, the roots of the equation are x = 11 and x = 2.","15x^2 - 195x + 330 = 0
","[0, 0, 0, 0, 0, 0]","[[0, 0, 0, 0, 0, 0]]",5,1
113,To factor the quadratic equation 9x^2 - 486x + 652,40,Yes,"To factor the quadratic equation 9x^2 - 486x + 6525 = 0, we first divide each term by 9 to simplify it:

x^2 - 54x + 725 = 0

Now, let's try to factorize the equation:

(x - 25)(x - 29) = 0

Therefore, the roots of the equation are x = 25 and x = 29.","9x^2 - 486x + 6525 = 0
","[0, 0, 0, 0, 0, 0]","[[0, 0, 0, 0, 0, 0]]",0,1
114,"To factor the quadratic equation 9x^2 - 486x + 6525 = 0, we first divide each term by 9 to simplify ",40,Yes,"To factor the quadratic equation 9x^2 - 486x + 6525 = 0, we first divide each term by 9 to simplify it:

x^2 - 54x + 725 = 0

Now, let's try to factorize the equation:

(x - 25)(x - 29) = 0

Therefore, the roots of the equation are x = 25 and x = 29.","9x^2 - 486x + 6525 = 0
","[0, 0, 0, 0, 0, 0]","[[0, 0, 0, 0, 0, 0]]",1,1
115,"To factor the quadratic equation 9x^2 - 486x + 6525 = 0, we first divide each term by 9 to simplify it:

x^2 - 54x + 725 = 0

Now, let's try to factor",40,Yes,"To factor the quadratic equation 9x^2 - 486x + 6525 = 0, we first divide each term by 9 to simplify it:

x^2 - 54x + 725 = 0

Now, let's try to factorize the equation:

(x - 25)(x - 29) = 0

Therefore, the roots of the equation are x = 25 and x = 29.","9x^2 - 486x + 6525 = 0
","[0, 0, 0, 0, 0, 0]","[[0, 0, 0, 0, 0, 0]]",2,1
116,"To factor the quadratic equation 9x^2 - 486x + 6525 = 0, we first divide each term by 9 to simplify it:

x^2 - 54x + 725 = 0

Now, let's try to factorize the equation:

(x - 25)(x - 29) = 0

Therefore",40,Yes,"To factor the quadratic equation 9x^2 - 486x + 6525 = 0, we first divide each term by 9 to simplify it:

x^2 - 54x + 725 = 0

Now, let's try to factorize the equation:

(x - 25)(x - 29) = 0

Therefore, the roots of the equation are x = 25 and x = 29.","9x^2 - 486x + 6525 = 0
","[0, 0, 0, 0, 0, 0]","[[0, 0, 0, 0, 0, 0]]",3,1
117,"To factor the quadratic equation 9x^2 - 486x + 6525 = 0, we first divide each term by 9 to simplify it:

x^2 - 54x + 725 = 0

Now, let's try to factorize the equation:

(x - 25)(x - 29) = 0

Therefore, the roots of the equation are x = 25 and x = 29.",40,Yes,"To factor the quadratic equation 9x^2 - 486x + 6525 = 0, we first divide each term by 9 to simplify it:

x^2 - 54x + 725 = 0

Now, let's try to factorize the equation:

(x - 25)(x - 29) = 0

Therefore, the roots of the equation are x = 25 and x = 29.","9x^2 - 486x + 6525 = 0
","[0, 0, 0, 0, 0, 0]","[[0, 0, 0, 0, 0, 0]]",4,1
118,"To factor the quadratic equation 9x^2 - 486x + 6525 = 0, we first divide each term by 9 to simplify it:

x^2 - 54x + 725 = 0

Now, let's try to factorize the equation:

(x - 25)(x - 29) = 0

Therefore, the roots of the equation are x = 25 and x = 29.",40,Yes,"To factor the quadratic equation 9x^2 - 486x + 6525 = 0, we first divide each term by 9 to simplify it:

x^2 - 54x + 725 = 0

Now, let's try to factorize the equation:

(x - 25)(x - 29) = 0

Therefore, the roots of the equation are x = 25 and x = 29.","9x^2 - 486x + 6525 = 0
","[0, 0, 0, 0, 0, 0]","[[0, 0, 0, 0, 0, 0]]",5,1
119,Let's try to factor the quadratic equation 3x^2 - ,10,Yes,"Let's try to factor the quadratic equation 3x^2 - 54x + 243 = 0:

First, divide each term by 3 to simplify the equation:
x^2 - 18x + 81 = 0

Now, let's try to factor this equation:
(x - 9)(x - 9) = 0

So, the roots of the equation 3x^2 - 54x + 243 = 0 are x = 9 and x = 9.","3x^2 - 54x + 243 = 0
","[0, 0, 0, 0, 0, 0]","[[0, 0, 0, 0, 0, 0]]",0,1
120,"Let's try to factor the quadratic equation 3x^2 - 54x + 243 = 0:

First, divide each term by 3 to si",10,Yes,"Let's try to factor the quadratic equation 3x^2 - 54x + 243 = 0:

First, divide each term by 3 to simplify the equation:
x^2 - 18x + 81 = 0

Now, let's try to factor this equation:
(x - 9)(x - 9) = 0

So, the roots of the equation 3x^2 - 54x + 243 = 0 are x = 9 and x = 9.","3x^2 - 54x + 243 = 0
","[0, 0, 0, 0, 0, 0]","[[0, 0, 0, 0, 0, 0]]",1,1
121,"Let's try to factor the quadratic equation 3x^2 - 54x + 243 = 0:

First, divide each term by 3 to simplify the equation:
x^2 - 18x + 81 = 0

Now, let'",10,Yes,"Let's try to factor the quadratic equation 3x^2 - 54x + 243 = 0:

First, divide each term by 3 to simplify the equation:
x^2 - 18x + 81 = 0

Now, let's try to factor this equation:
(x - 9)(x - 9) = 0

So, the roots of the equation 3x^2 - 54x + 243 = 0 are x = 9 and x = 9.","3x^2 - 54x + 243 = 0
","[0, 0, 0, 0, 0, 0]","[[0, 0, 0, 0, 0, 0]]",2,1
122,"Let's try to factor the quadratic equation 3x^2 - 54x + 243 = 0:

First, divide each term by 3 to simplify the equation:
x^2 - 18x + 81 = 0

Now, let's try to factor this equation:
(x - 9)(x - 9) = 0
",10,Yes,"Let's try to factor the quadratic equation 3x^2 - 54x + 243 = 0:

First, divide each term by 3 to simplify the equation:
x^2 - 18x + 81 = 0

Now, let's try to factor this equation:
(x - 9)(x - 9) = 0

So, the roots of the equation 3x^2 - 54x + 243 = 0 are x = 9 and x = 9.","3x^2 - 54x + 243 = 0
","[0, 0, 0, 0, 0, 0]","[[0, 0, 0, 0, 0, 0]]",3,1
123,"Let's try to factor the quadratic equation 3x^2 - 54x + 243 = 0:

First, divide each term by 3 to simplify the equation:
x^2 - 18x + 81 = 0

Now, let's try to factor this equation:
(x - 9)(x - 9) = 0

So, the roots of the equation 3x^2 - 54x + 243 = ",10,Yes,"Let's try to factor the quadratic equation 3x^2 - 54x + 243 = 0:

First, divide each term by 3 to simplify the equation:
x^2 - 18x + 81 = 0

Now, let's try to factor this equation:
(x - 9)(x - 9) = 0

So, the roots of the equation 3x^2 - 54x + 243 = 0 are x = 9 and x = 9.","3x^2 - 54x + 243 = 0
","[0, 0, 0, 0, 0, 0]","[[0, 0, 0, 0, 0, 0]]",4,1
124,"Let's try to factor the quadratic equation 3x^2 - 54x + 243 = 0:

First, divide each term by 3 to simplify the equation:
x^2 - 18x + 81 = 0

Now, let's try to factor this equation:
(x - 9)(x - 9) = 0

So, the roots of the equation 3x^2 - 54x + 243 = 0 are x = 9 and x = 9.",10,Yes,"Let's try to factor the quadratic equation 3x^2 - 54x + 243 = 0:

First, divide each term by 3 to simplify the equation:
x^2 - 18x + 81 = 0

Now, let's try to factor this equation:
(x - 9)(x - 9) = 0

So, the roots of the equation 3x^2 - 54x + 243 = 0 are x = 9 and x = 9.","3x^2 - 54x + 243 = 0
","[0, 0, 0, 0, 0, 0]","[[0, 0, 0, 0, 0, 0]]",5,1
125,"To factor the equation 4x^2 - 36x + 81 = 0, we fir",5,No,"To factor the equation 4x^2 - 36x + 81 = 0, we first divide everything by 4 to simplify the equation:

x^2 - 9x + 20.25 = 0

Now, we can factor this quadratic equation as:

(x - 4.5)(x - 4.5) = 0

Therefore, the only root of the equation is x = 4.5.","4x^2 - 36x + 81 = 0
","[0, 0, 0, 0, 0, 0]","[[0, 0, 0, 0, 0, 0]]",0,1
126,"To factor the equation 4x^2 - 36x + 81 = 0, we first divide everything by 4 to simplify the equation",5,No,"To factor the equation 4x^2 - 36x + 81 = 0, we first divide everything by 4 to simplify the equation:

x^2 - 9x + 20.25 = 0

Now, we can factor this quadratic equation as:

(x - 4.5)(x - 4.5) = 0

Therefore, the only root of the equation is x = 4.5.","4x^2 - 36x + 81 = 0
","[0, 0, 0, 0, 0, 0]","[[0, 0, 0, 0, 0, 0]]",1,1
127,"To factor the equation 4x^2 - 36x + 81 = 0, we first divide everything by 4 to simplify the equation:

x^2 - 9x + 20.25 = 0

Now, we can factor this q",5,No,"To factor the equation 4x^2 - 36x + 81 = 0, we first divide everything by 4 to simplify the equation:

x^2 - 9x + 20.25 = 0

Now, we can factor this quadratic equation as:

(x - 4.5)(x - 4.5) = 0

Therefore, the only root of the equation is x = 4.5.","4x^2 - 36x + 81 = 0
","[0, 0, 0, 0, 0, 0]","[[0, 0, 0, 0, 0, 0]]",2,1
128,"To factor the equation 4x^2 - 36x + 81 = 0, we first divide everything by 4 to simplify the equation:

x^2 - 9x + 20.25 = 0

Now, we can factor this quadratic equation as:

(x - 4.5)(x - 4.5) = 0

The",5,No,"To factor the equation 4x^2 - 36x + 81 = 0, we first divide everything by 4 to simplify the equation:

x^2 - 9x + 20.25 = 0

Now, we can factor this quadratic equation as:

(x - 4.5)(x - 4.5) = 0

Therefore, the only root of the equation is x = 4.5.","4x^2 - 36x + 81 = 0
","[0, 0, 0, 0, 0, 0]","[[0, 0, 0, 0, 0, 0]]",3,1
129,"To factor the equation 4x^2 - 36x + 81 = 0, we first divide everything by 4 to simplify the equation:

x^2 - 9x + 20.25 = 0

Now, we can factor this quadratic equation as:

(x - 4.5)(x - 4.5) = 0

Therefore, the only root of the equation is x = 4.5.",5,No,"To factor the equation 4x^2 - 36x + 81 = 0, we first divide everything by 4 to simplify the equation:

x^2 - 9x + 20.25 = 0

Now, we can factor this quadratic equation as:

(x - 4.5)(x - 4.5) = 0

Therefore, the only root of the equation is x = 4.5.","4x^2 - 36x + 81 = 0
","[0, 0, 0, 0, 0, 0]","[[0, 0, 0, 0, 0, 0]]",4,1
130,"To factor the equation 4x^2 - 36x + 81 = 0, we first divide everything by 4 to simplify the equation:

x^2 - 9x + 20.25 = 0

Now, we can factor this quadratic equation as:

(x - 4.5)(x - 4.5) = 0

Therefore, the only root of the equation is x = 4.5.",5,No,"To factor the equation 4x^2 - 36x + 81 = 0, we first divide everything by 4 to simplify the equation:

x^2 - 9x + 20.25 = 0

Now, we can factor this quadratic equation as:

(x - 4.5)(x - 4.5) = 0

Therefore, the only root of the equation is x = 4.5.","4x^2 - 36x + 81 = 0
","[0, 0, 0, 0, 0, 0]","[[0, 0, 0, 0, 0, 0]]",5,1
131,"To factor the equation 6x^2 - 360x + 4050 = 0, fir",45,Yes,"To factor the equation 6x^2 - 360x + 4050 = 0, first divide all terms by 6 to simplify:

x^2 - 60x + 675 = 0

Now, try to factor this quadratic equation:

(x - 45)(x - 15) = 0

Thus, the roots of the quadratic equation 6x^2 - 360x + 4050 = 0 are x = 45 and x = 15.","6x^2 - 360x + 4050 = 0
","[0, 0, 0, 0, 0, 0]","[[0, 0, 0, 0, 0, 0]]",0,1
132,"To factor the equation 6x^2 - 360x + 4050 = 0, first divide all terms by 6 to simplify:

x^2 - 60x +",45,Yes,"To factor the equation 6x^2 - 360x + 4050 = 0, first divide all terms by 6 to simplify:

x^2 - 60x + 675 = 0

Now, try to factor this quadratic equation:

(x - 45)(x - 15) = 0

Thus, the roots of the quadratic equation 6x^2 - 360x + 4050 = 0 are x = 45 and x = 15.","6x^2 - 360x + 4050 = 0
","[0, 0, 0, 0, 0, 0]","[[0, 0, 0, 0, 0, 0]]",1,1
133,"To factor the equation 6x^2 - 360x + 4050 = 0, first divide all terms by 6 to simplify:

x^2 - 60x + 675 = 0

Now, try to factor this quadratic equati",45,Yes,"To factor the equation 6x^2 - 360x + 4050 = 0, first divide all terms by 6 to simplify:

x^2 - 60x + 675 = 0

Now, try to factor this quadratic equation:

(x - 45)(x - 15) = 0

Thus, the roots of the quadratic equation 6x^2 - 360x + 4050 = 0 are x = 45 and x = 15.","6x^2 - 360x + 4050 = 0
","[0, 0, 0, 0, 0, 0]","[[0, 0, 0, 0, 0, 0]]",2,1
134,"To factor the equation 6x^2 - 360x + 4050 = 0, first divide all terms by 6 to simplify:

x^2 - 60x + 675 = 0

Now, try to factor this quadratic equation:

(x - 45)(x - 15) = 0

Thus, the roots of the ",45,Yes,"To factor the equation 6x^2 - 360x + 4050 = 0, first divide all terms by 6 to simplify:

x^2 - 60x + 675 = 0

Now, try to factor this quadratic equation:

(x - 45)(x - 15) = 0

Thus, the roots of the quadratic equation 6x^2 - 360x + 4050 = 0 are x = 45 and x = 15.","6x^2 - 360x + 4050 = 0
","[0, 0, 0, 0, 0, 0]","[[0, 0, 0, 0, 0, 0]]",3,1
135,"To factor the equation 6x^2 - 360x + 4050 = 0, first divide all terms by 6 to simplify:

x^2 - 60x + 675 = 0

Now, try to factor this quadratic equation:

(x - 45)(x - 15) = 0

Thus, the roots of the quadratic equation 6x^2 - 360x + 4050 = 0 are x = ",45,Yes,"To factor the equation 6x^2 - 360x + 4050 = 0, first divide all terms by 6 to simplify:

x^2 - 60x + 675 = 0

Now, try to factor this quadratic equation:

(x - 45)(x - 15) = 0

Thus, the roots of the quadratic equation 6x^2 - 360x + 4050 = 0 are x = 45 and x = 15.","6x^2 - 360x + 4050 = 0
","[0, 0, 0, 0, 0, 0]","[[0, 0, 0, 0, 0, 0]]",4,1
136,"To factor the equation 6x^2 - 360x + 4050 = 0, first divide all terms by 6 to simplify:

x^2 - 60x + 675 = 0

Now, try to factor this quadratic equation:

(x - 45)(x - 15) = 0

Thus, the roots of the quadratic equation 6x^2 - 360x + 4050 = 0 are x = 45 and x = 15.",45,Yes,"To factor the equation 6x^2 - 360x + 4050 = 0, first divide all terms by 6 to simplify:

x^2 - 60x + 675 = 0

Now, try to factor this quadratic equation:

(x - 45)(x - 15) = 0

Thus, the roots of the quadratic equation 6x^2 - 360x + 4050 = 0 are x = 45 and x = 15.","6x^2 - 360x + 4050 = 0
","[0, 0, 0, 0, 0, 0]","[[0, 0, 0, 0, 0, 0]]",5,1
